BOARDID,TRADEDATE,SHORTNAME,SECID,OPEN,LOW,HIGH,CLOSE,NUMTRADES,VOLRUR,WAPRICE
CETS,2016-01-04,HKDRUB_TOD,HKDRUB_TOD,0.0,0.0,0.0,0.0,0,0.0,8.2063
CETS,2016-01-05,HKDRUB_TOD,HKDRUB_TOD,0.0,0.0,0.0,0.0,0,0.0,8.2063
CETS,2016-01-06,HKDRUB_TOD,HKDRUB_TOD,0.0,0.0,0.0,0.0,0,0.0,8.2063
CETS,2016-01-11,HKDRUB_TOD,HKDRUB_TOD,0.0,0.0,0.0,0.0,0,0.0,8.2063
CETS,2016-01-12,HKDRUB_TOD,HKDRUB_TOD,0.0,0.0,0.0,0.0,0,0.0,8.2063
CETS,2016-01-13,HKDRUB_TOD,HKDRUB_TOD,0.0,0.0,0.0,0.0,0,0.0,8.2063
CETS,2016-01-14,HKDRUB_TOD,HKDRUB_TOD,0.0,0.0,0.0,0.0,0,0.0,8.2063
CETS,2016-01-15,HKDRUB_TOD,HKDRUB_TOD,0.0,0.0,0.0,0.0,0,0.0,8.2063
CETS,2016-01-18,HKDRUB_TOD,HKDRUB_TOD,0.0,0.0,0.0,0.0,0,0.0,8.2063
CETS,2016-01-19,HKDRUB_TOD,HKDRUB_TOD,0.0,0.0,0.0,0.0,0,0.0,8.2063
CETS,2016-01-20,HKDRUB_TOD,HKDRUB_TOD,0.0,0.0,0.0,0.0,0,0.0,8.2063
CETS,2016-01-21,HKDRUB_TOD,HKDRUB_TOD,0.0,0.0,0.0,0.0,0,0.0,8.2063
CETS,2016-01-22,HKDRUB_TOD,HKDRUB_TOD,0.0,0.0,0.0,0.0,0,0.0,8.2063
CETS,2016-01-25,HKDRUB_TOD,HKDRUB_TOD,9.96,9.96,9.96,9.96,1,79680.0,9.96
CETS,2016-01-26,HKDRUB_TOD,HKDRUB_TOD,0.0,0.0,0.0,0.0,0,0.0,9.96
CETS,2016-01-27,HKDRUB_TOD,HKDRUB_TOD,0.0,0.0,0.0,0.0,0,0.0,9.96
CETS,2016-01-28,HKDRUB_TOD,HKDRUB_TOD,0.0,0.0,0.0,0.0,0,0.0,9.96
CETS,2016-01-29,HKDRUB_TOD,HKDRUB_TOD,0.0,0.0,0.0,0.0,0,0.0,9.96
CETS,2016-02-01,HKDRUB_TOD,HKDRUB_TOD,0.0,0.0,0.0,0.0,0,0.0,9.96
CETS,2016-02-02,HKDRUB_TOD,HKDRUB_TOD,0.0,0.0,0.0,0.0,0,0.0,9.96
CETS,2016-02-03,HKDRUB_TOD,HKDRUB_TOD,0.0,0.0,0.0,0.0,0,0.0,9.96
CETS,2016-02-04,HKDRUB_TOD,HKDRUB_TOD,0.0,0.0,0.0,0.0,0,0.0,9.96
CETS,2016-02-05,HKDRUB_TOD,HKDRUB_TOD,0.0,0.0,0.0,0.0,0,0.0,9.96
CETS,2016-02-08,HKDRUB_TOD,HKDRUB_TOD,0.0,0.0,0.0,0.0,0,0.0,9.96
CETS,2016-02-09,HKDRUB_TOD,HKDRUB_TOD,0.0,0.0,0.0,0.0,0,0.0,9.96
CETS,2016-02-10,HKDRUB_TOD,HKDRUB_TOD,0.0,0.0,0.0,0.0,0,0.0,9.96
CETS,2016-02-11,HKDRUB_TOD,HKDRUB_TOD,0.0,0.0,0.0,0.0,0,0.0,9.96
CETS,2016-02-12,HKDRUB_TOD,HKDRUB_TOD,0.0,0.0,0.0,0.0,0,0.0,9.96
CETS,2016-02-15,HKDRUB_TOD,HKDRUB_TOD,0.0,0.0,0.0,0.0,0,0.0,9.96
CETS,2016-02-16,HKDRUB_TOD,HKDRUB_TOD,0.0,0.0,0.0,0.0,0,0.0,9.96
CETS,2016-02-17,HKDRUB_TOD,HKDRUB_TOD,0.0,0.0,0.0,0.0,0,0.0,9.96
CETS,2016-02-18,HKDRUB_TOD,HKDRUB_TOD,0.0,0.0,0.0,0.0,0,0.0,9.96
CETS,2016-02-19,HKDRUB_TOD,HKDRUB_TOD,0.0,0.0,0.0,0.0,0,0.0,9.96
CETS,2016-02-20,HKDRUB_TOD,HKDRUB_TOD,0.0,0.0,0.0,0.0,0,0.0,9.96
CETS,2016-02-22,HKDRUB_TOD,HKDRUB_TOD,0.0,0.0,0.0,0.0,0,0.0,9.96
CETS,2016-02-24,HKDRUB_TOD,HKDRUB_TOD,0.0,0.0,0.0,0.0,0,0.0,9.96
CETS,2016-02-25,HKDRUB_TOD,HKDRUB_TOD,0.0,0.0,0.0,0.0,0,0.0,9.96
CETS,2016-02-26,HKDRUB_TOD,HKDRUB_TOD,0.0,0.0,0.0,0.0,0,0.0,9.96
CETS,2016-02-29,HKDRUB_TOD,HKDRUB_TOD,0.0,0.0,0.0,0.0,0,0.0,9.96
CETS,2016-03-01,HKDRUB_TOD,HKDRUB_TOD,0.0,0.0,0.0,0.0,0,0.0,9.96
CETS,2016-03-02,HKDRUB_TOD,HKDRUB_TOD,0.0,0.0,0.0,0.0,0,0.0,9.96
CETS,2016-03-03,HKDRUB_TOD,HKDRUB_TOD,0.0,0.0,0.0,0.0,0,0.0,9.96
CETS,2016-03-04,HKDRUB_TOD,HKDRUB_TOD,0.0,0.0,0.0,0.0,0,0.0,9.96
CETS,2016-03-07,HKDRUB_TOD,HKDRUB_TOD,0.0,0.0,0.0,0.0,0,0.0,9.96
CETS,2016-03-09,HKDRUB_TOD,HKDRUB_TOD,0.0,0.0,0.0,0.0,0,0.0,
CETS,2016-03-10,HKDRUB_TOD,HKDRUB_TOD,0.0,0.0,0.0,0.0,0,0.0,
CETS,2016-03-11,HKDRUB_TOD,HKDRUB_TOD,0.0,0.0,0.0,0.0,0,0.0,
CETS,2016-03-14,HKDRUB_TOD,HKDRUB_TOD,0.0,0.0,0.0,0.0,0,0.0,
CETS,2016-03-15,HKDRUB_TOD,HKDRUB_TOD,0.0,0.0,0.0,0.0,0,0.0,
CETS,2016-03-16,HKDRUB_TOD,HKDRUB_TOD,0.0,0.0,0.0,0.0,0,0.0,
CETS,2016-03-17,HKDRUB_TOD,HKDRUB_TOD,0.0,0.0,0.0,0.0,0,0.0,
CETS,2016-03-18,HKDRUB_TOD,HKDRUB_TOD,0.0,0.0,0.0,0.0,0,0.0,
CETS,2016-03-21,HKDRUB_TOD,HKDRUB_TOD,0.0,0.0,0.0,0.0,0,0.0,
CETS,2016-03-22,HKDRUB_TOD,HKDRUB_TOD,0.0,0.0,0.0,0.0,0,0.0,
CETS,2016-03-23,HKDRUB_TOD,HKDRUB_TOD,0.0,0.0,0.0,0.0,0,0.0,
CETS,2016-03-24,HKDRUB_TOD,HKDRUB_TOD,0.0,0.0,0.0,0.0,0,0.0,
CETS,2016-03-25,HKDRUB_TOD,HKDRUB_TOD,0.0,0.0,0.0,0.0,0,0.0,
CETS,2016-03-28,HKDRUB_TOD,HKDRUB_TOD,0.0,0.0,0.0,0.0,0,0.0,
CETS,2016-03-29,HKDRUB_TOD,HKDRUB_TOD,0.0,0.0,0.0,0.0,0,0.0,
CETS,2016-03-30,HKDRUB_TOD,HKDRUB_TOD,0.0,0.0,0.0,0.0,0,0.0,
CETS,2016-03-31,HKDRUB_TOD,HKDRUB_TOD,0.0,0.0,0.0,0.0,0,0.0,
CETS,2016-04-01,HKDRUB_TOD,HKDRUB_TOD,0.0,0.0,0.0,0.0,0,0.0,
CETS,2016-04-04,HKDRUB_TOD,HKDRUB_TOD,0.0,0.0,0.0,0.0,0,0.0,
CETS,2016-04-05,HKDRUB_TOD,HKDRUB_TOD,0.0,0.0,0.0,0.0,0,0.0,
CETS,2016-04-06,HKDRUB_TOD,HKDRUB_TOD,0.0,0.0,0.0,0.0,0,0.0,
CETS,2016-04-07,HKDRUB_TOD,HKDRUB_TOD,0.0,0.0,0.0,0.0,0,0.0,
CETS,2016-04-08,HKDRUB_TOD,HKDRUB_TOD,0.0,0.0,0.0,0.0,0,0.0,
CETS,2016-04-11,HKDRUB_TOD,HKDRUB_TOD,0.0,0.0,0.0,0.0,0,0.0,
CETS,2016-04-12,HKDRUB_TOD,HKDRUB_TOD,0.0,0.0,0.0,0.0,0,0.0,
CETS,2016-04-13,HKDRUB_TOD,HKDRUB_TOD,0.0,0.0,0.0,0.0,0,0.0,
CETS,2016-04-14,HKDRUB_TOD,HKDRUB_TOD,0.0,0.0,0.0,0.0,0,0.0,
CETS,2016-04-15,HKDRUB_TOD,HKDRUB_TOD,0.0,0.0,0.0,0.0,0,0.0,
CETS,2016-04-18,HKDRUB_TOD,HKDRUB_TOD,0.0,0.0,0.0,0.0,0,0.0,
CETS,2016-04-19,HKDRUB_TOD,HKDRUB_TOD,0.0,0.0,0.0,0.0,0,0.0,
CETS,2016-04-20,HKDRUB_TOD,HKDRUB_TOD,0.0,0.0,0.0,0.0,0,0.0,
CETS,2016-04-21,HKDRUB_TOD,HKDRUB_TOD,0.0,0.0,0.0,0.0,0,0.0,
CETS,2016-04-22,HKDRUB_TOD,HKDRUB_TOD,0.0,0.0,0.0,0.0,0,0.0,
CETS,2016-04-25,HKDRUB_TOD,HKDRUB_TOD,0.0,0.0,0.0,0.0,0,0.0,
CETS,2016-04-26,HKDRUB_TOD,HKDRUB_TOD,0.0,0.0,0.0,0.0,0,0.0,
CETS,2016-04-27,HKDRUB_TOD,HKDRUB_TOD,0.0,0.0,0.0,0.0,0,0.0,
CETS,2016-04-28,HKDRUB_TOD,HKDRUB_TOD,0.0,0.0,0.0,0.0,0,0.0,
CETS,2016-04-29,HKDRUB_TOD,HKDRUB_TOD,0.0,0.0,0.0,0.0,0,0.0,
CETS,2016-05-04,HKDRUB_TOD,HKDRUB_TOD,0.0,0.0,0.0,0.0,0,0.0,
CETS,2016-05-05,HKDRUB_TOD,HKDRUB_TOD,0.0,0.0,0.0,0.0,0,0.0,
CETS,2016-05-06,HKDRUB_TOD,HKDRUB_TOD,0.0,0.0,0.0,0.0,0,0.0,
CETS,2016-05-10,HKDRUB_TOD,HKDRUB_TOD,0.0,0.0,0.0,0.0,0,0.0,
CETS,2016-05-11,HKDRUB_TOD,HKDRUB_TOD,0.0,0.0,0.0,0.0,0,0.0,
CETS,2016-05-12,HKDRUB_TOD,HKDRUB_TOD,0.0,0.0,0.0,0.0,0,0.0,
CETS,2016-05-13,HKDRUB_TOD,HKDRUB_TOD,0.0,0.0,0.0,0.0,0,0.0,
CETS,2016-05-16,HKDRUB_TOD,HKDRUB_TOD,0.0,0.0,0.0,0.0,0,0.0,
CETS,2016-05-17,HKDRUB_TOD,HKDRUB_TOD,0.0,0.0,0.0,0.0,0,0.0,
CETS,2016-05-18,HKDRUB_TOD,HKDRUB_TOD,0.0,0.0,0.0,0.0,0,0.0,
CETS,2016-05-19,HKDRUB_TOD,HKDRUB_TOD,0.0,0.0,0.0,0.0,0,0.0,
CETS,2016-05-20,HKDRUB_TOD,HKDRUB_TOD,0.0,0.0,0.0,0.0,0,0.0,
CETS,2016-05-23,HKDRUB_TOD,HKDRUB_TOD,0.0,0.0,0.0,0.0,0,0.0,
CETS,2016-05-24,HKDRUB_TOD,HKDRUB_TOD,0.0,0.0,0.0,0.0,0,0.0,
CETS,2016-05-25,HKDRUB_TOD,HKDRUB_TOD,0.0,0.0,0.0,0.0,0,0.0,
CETS,2016-05-26,HKDRUB_TOD,HKDRUB_TOD,0.0,0.0,0.0,0.0,0,0.0,
CETS,2016-05-27,HKDRUB_TOD,HKDRUB_TOD,0.0,0.0,0.0,0.0,0,0.0,
CETS,2016-05-30,HKDRUB_TOD,HKDRUB_TOD,0.0,0.0,0.0,0.0,0,0.0,
CETS,2016-05-31,HKDRUB_TOD,HKDRUB_TOD,0.0,0.0,0.0,0.0,0,0.0,
CETS,2016-06-01,HKDRUB_TOD,HKDRUB_TOD,0.0,0.0,0.0,0.0,0,0.0,
CETS,2016-06-02,HKDRUB_TOD,HKDRUB_TOD,0.0,0.0,0.0,0.0,0,0.0,
CETS,2016-06-03,HKDRUB_TOD,HKDRUB_TOD,0.0,0.0,0.0,0.0,0,0.0,
CETS,2016-06-06,HKDRUB_TOD,HKDRUB_TOD,0.0,0.0,0.0,0.0,0,0.0,
CETS,2016-06-07,HKDRUB_TOD,HKDRUB_TOD,0.0,0.0,0.0,0.0,0,0.0,
CETS,2016-06-08,HKDRUB_TOD,HKDRUB_TOD,0.0,0.0,0.0,0.0,0,0.0,
CETS,2016-06-09,HKDRUB_TOD,HKDRUB_TOD,0.0,0.0,0.0,0.0,0,0.0,
CETS,2016-06-10,HKDRUB_TOD,HKDRUB_TOD,0.0,0.0,0.0,0.0,0,0.0,
CETS,2016-06-14,HKDRUB_TOD,HKDRUB_TOD,0.0,0.0,0.0,0.0,0,0.0,
CETS,2016-06-15,HKDRUB_TOD,HKDRUB_TOD,0.0,0.0,0.0,0.0,0,0.0,
CETS,2016-06-16,HKDRUB_TOD,HKDRUB_TOD,0.0,0.0,0.0,0.0,0,0.0,
CETS,2016-06-17,HKDRUB_TOD,HKDRUB_TOD,0.0,0.0,0.0,0.0,0,0.0,
CETS,2016-06-20,HKDRUB_TOD,HKDRUB_TOD,0.0,0.0,0.0,0.0,0,0.0,
CETS,2016-06-21,HKDRUB_TOD,HKDRUB_TOD,0.0,0.0,0.0,0.0,0,0.0,
CETS,2016-06-22,HKDRUB_TOD,HKDRUB_TOD,0.0,0.0,0.0,0.0,0,0.0,
CETS,2016-06-23,HKDRUB_TOD,HKDRUB_TOD,0.0,0.0,0.0,0.0,0,0.0,
CETS,2016-06-24,HKDRUB_TOD,HKDRUB_TOD,0.0,0.0,0.0,0.0,0,0.0,
CETS,2016-06-27,HKDRUB_TOD,HKDRUB_TOD,0.0,0.0,0.0,0.0,0,0.0,
CETS,2016-06-28,HKDRUB_TOD,HKDRUB_TOD,0.0,0.0,0.0,0.0,0,0.0,
CETS,2016-06-29,HKDRUB_TOD,HKDRUB_TOD,0.0,0.0,0.0,0.0,0,0.0,
CETS,2016-06-30,HKDRUB_TOD,HKDRUB_TOD,0.0,0.0,0.0,0.0,0,0.0,
CETS,2016-07-01,HKDRUB_TOD,HKDRUB_TOD,0.0,0.0,0.0,0.0,0,0.0,
CETS,2016-07-04,HKDRUB_TOD,HKDRUB_TOD,0.0,0.0,0.0,0.0,0,0.0,
CETS,2016-07-05,HKDRUB_TOD,HKDRUB_TOD,0.0,0.0,0.0,0.0,0,0.0,
CETS,2016-07-06,HKDRUB_TOD,HKDRUB_TOD,0.0,0.0,0.0,0.0,0,0.0,
CETS,2016-07-07,HKDRUB_TOD,HKDRUB_TOD,0.0,0.0,0.0,0.0,0,0.0,
CETS,2016-07-08,HKDRUB_TOD,HKDRUB_TOD,0.0,0.0,0.0,0.0,0,0.0,
CETS,2016-07-11,HKDRUB_TOD,HKDRUB_TOD,0.0,0.0,0.0,0.0,0,0.0,
CETS,2016-07-12,HKDRUB_TOD,HKDRUB_TOD,0.0,0.0,0.0,0.0,0,0.0,
CETS,2016-07-13,HKDRUB_TOD,HKDRUB_TOD,0.0,0.0,0.0,0.0,0,0.0,
CETS,2016-07-14,HKDRUB_TOD,HKDRUB_TOD,0.0,0.0,0.0,0.0,0,0.0,
CETS,2016-07-15,HKDRUB_TOD,HKDRUB_TOD,0.0,0.0,0.0,0.0,0,0.0,
CETS,2016-07-18,HKDRUB_TOD,HKDRUB_TOD,0.0,0.0,0.0,0.0,0,0.0,
CETS,2016-07-19,HKDRUB_TOD,HKDRUB_TOD,0.0,0.0,0.0,0.0,0,0.0,
CETS,2016-07-20,HKDRUB_TOD,HKDRUB_TOD,0.0,0.0,0.0,0.0,0,0.0,
CETS,2016-07-21,HKDRUB_TOD,HKDRUB_TOD,0.0,0.0,0.0,0.0,0,0.0,
CETS,2016-07-22,HKDRUB_TOD,HKDRUB_TOD,0.0,0.0,0.0,0.0,0,0.0,
CETS,2016-07-25,HKDRUB_TOD,HKDRUB_TOD,0.0,0.0,0.0,0.0,0,0.0,
CETS,2016-07-26,HKDRUB_TOD,HKDRUB_TOD,0.0,0.0,0.0,0.0,0,0.0,
CETS,2016-07-27,HKDRUB_TOD,HKDRUB_TOD,0.0,0.0,0.0,0.0,0,0.0,
CETS,2016-07-28,HKDRUB_TOD,HKDRUB_TOD,0.0,0.0,0.0,0.0,0,0.0,
CETS,2016-07-29,HKDRUB_TOD,HKDRUB_TOD,0.0,0.0,0.0,0.0,0,0.0,
CETS,2016-08-01,HKDRUB_TOD,HKDRUB_TOD,0.0,0.0,0.0,0.0,0,0.0,
CETS,2016-08-02,HKDRUB_TOD,HKDRUB_TOD,0.0,0.0,0.0,0.0,0,0.0,
CETS,2016-08-03,HKDRUB_TOD,HKDRUB_TOD,0.0,0.0,0.0,0.0,0,0.0,
CETS,2016-08-04,HKDRUB_TOD,HKDRUB_TOD,0.0,0.0,0.0,0.0,0,0.0,
CETS,2016-08-05,HKDRUB_TOD,HKDRUB_TOD,0.0,0.0,0.0,0.0,0,0.0,
CETS,2016-08-08,HKDRUB_TOD,HKDRUB_TOD,0.0,0.0,0.0,0.0,0,0.0,
CETS,2016-08-09,HKDRUB_TOD,HKDRUB_TOD,0.0,0.0,0.0,0.0,0,0.0,
CETS,2016-08-10,HKDRUB_TOD,HKDRUB_TOD,0.0,0.0,0.0,0.0,0,0.0,
CETS,2016-08-11,HKDRUB_TOD,HKDRUB_TOD,0.0,0.0,0.0,0.0,0,0.0,
CETS,2016-08-12,HKDRUB_TOD,HKDRUB_TOD,0.0,0.0,0.0,0.0,0,0.0,
CETS,2016-08-15,HKDRUB_TOD,HKDRUB_TOD,0.0,0.0,0.0,0.0,0,0.0,
CETS,2016-08-16,HKDRUB_TOD,HKDRUB_TOD,0.0,0.0,0.0,0.0,0,0.0,
CETS,2016-08-17,HKDRUB_TOD,HKDRUB_TOD,0.0,0.0,0.0,0.0,0,0.0,
CETS,2016-08-18,HKDRUB_TOD,HKDRUB_TOD,0.0,0.0,0.0,0.0,0,0.0,
CETS,2016-08-19,HKDRUB_TOD,HKDRUB_TOD,0.0,0.0,0.0,0.0,0,0.0,
CETS,2016-08-22,HKDRUB_TOD,HKDRUB_TOD,0.0,0.0,0.0,0.0,0,0.0,
CETS,2016-08-23,HKDRUB_TOD,HKDRUB_TOD,0.0,0.0,0.0,0.0,0,0.0,
CETS,2016-08-24,HKDRUB_TOD,HKDRUB_TOD,0.0,0.0,0.0,0.0,0,0.0,
CETS,2016-08-25,HKDRUB_TOD,HKDRUB_TOD,0.0,0.0,0.0,0.0,0,0.0,
CETS,2016-08-26,HKDRUB_TOD,HKDRUB_TOD,0.0,0.0,0.0,0.0,0,0.0,
CETS,2016-08-29,HKDRUB_TOD,HKDRUB_TOD,0.0,0.0,0.0,0.0,0,0.0,
CETS,2016-08-30,HKDRUB_TOD,HKDRUB_TOD,0.0,0.0,0.0,0.0,0,0.0,
CETS,2016-08-31,HKDRUB_TOD,HKDRUB_TOD,0.0,0.0,0.0,0.0,0,0.0,
CETS,2016-09-01,HKDRUB_TOD,HKDRUB_TOD,0.0,0.0,0.0,0.0,0,0.0,
CETS,2016-09-02,HKDRUB_TOD,HKDRUB_TOD,0.0,0.0,0.0,0.0,0,0.0,
CETS,2016-09-05,HKDRUB_TOD,HKDRUB_TOD,0.0,0.0,0.0,0.0,0,0.0,
CETS,2016-09-06,HKDRUB_TOD,HKDRUB_TOD,0.0,0.0,0.0,0.0,0,0.0,
CETS,2016-09-07,HKDRUB_TOD,HKDRUB_TOD,0.0,0.0,0.0,0.0,0,0.0,
CETS,2016-09-08,HKDRUB_TOD,HKDRUB_TOD,0.0,0.0,0.0,0.0,0,0.0,
CETS,2016-09-09,HKDRUB_TOD,HKDRUB_TOD,0.0,0.0,0.0,0.0,0,0.0,
CETS,2016-09-12,HKDRUB_TOD,HKDRUB_TOD,0.0,0.0,0.0,0.0,0,0.0,
CETS,2016-09-13,HKDRUB_TOD,HKDRUB_TOD,0.0,0.0,0.0,0.0,0,0.0,
CETS,2016-09-14,HKDRUB_TOD,HKDRUB_TOD,0.0,0.0,0.0,0.0,0,0.0,
CETS,2016-09-15,HKDRUB_TOD,HKDRUB_TOD,0.0,0.0,0.0,0.0,0,0.0,
CETS,2016-09-16,HKDRUB_TOD,HKDRUB_TOD,0.0,0.0,0.0,0.0,0,0.0,
CETS,2016-09-19,HKDRUB_TOD,HKDRUB_TOD,0.0,0.0,0.0,0.0,0,0.0,
CETS,2016-09-20,HKDRUB_TOD,HKDRUB_TOD,0.0,0.0,0.0,0.0,0,0.0,
CETS,2016-09-21,HKDRUB_TOD,HKDRUB_TOD,0.0,0.0,0.0,0.0,0,0.0,
CETS,2016-09-22,HKDRUB_TOD,HKDRUB_TOD,0.0,0.0,0.0,0.0,0,0.0,
CETS,2016-09-23,HKDRUB_TOD,HKDRUB_TOD,0.0,0.0,0.0,0.0,0,0.0,
CETS,2016-09-26,HKDRUB_TOD,HKDRUB_TOD,0.0,0.0,0.0,0.0,0,0.0,
CETS,2016-09-27,HKDRUB_TOD,HKDRUB_TOD,0.0,0.0,0.0,0.0,0,0.0,
CETS,2016-09-28,HKDRUB_TOD,HKDRUB_TOD,0.0,0.0,0.0,0.0,0,0.0,
CETS,2016-09-29,HKDRUB_TOD,HKDRUB_TOD,0.0,0.0,0.0,0.0,0,0.0,
CETS,2016-09-30,HKDRUB_TOD,HKDRUB_TOD,0.0,0.0,0.0,0.0,0,0.0,
CETS,2016-10-03,HKDRUB_TOD,HKDRUB_TOD,0.0,0.0,0.0,0.0,0,0.0,
CETS,2016-10-04,HKDRUB_TOD,HKDRUB_TOD,0.0,0.0,0.0,0.0,0,0.0,
CETS,2016-10-05,HKDRUB_TOD,HKDRUB_TOD,0.0,0.0,0.0,0.0,0,0.0,
CETS,2016-10-06,HKDRUB_TOD,HKDRUB_TOD,0.0,0.0,0.0,0.0,0,0.0,
CETS,2016-10-07,HKDRUB_TOD,HKDRUB_TOD,0.0,0.0,0.0,0.0,0,0.0,
CETS,2016-10-10,HKDRUB_TOD,HKDRUB_TOD,0.0,0.0,0.0,0.0,0,0.0,
CETS,2016-10-11,HKDRUB_TOD,HKDRUB_TOD,0.0,0.0,0.0,0.0,0,0.0,
CETS,2016-10-12,HKDRUB_TOD,HKDRUB_TOD,0.0,0.0,0.0,0.0,0,0.0,
CETS,2016-10-13,HKDRUB_TOD,HKDRUB_TOD,0.0,0.0,0.0,0.0,0,0.0,
CETS,2016-10-14,HKDRUB_TOD,HKDRUB_TOD,0.0,0.0,0.0,0.0,0,0.0,
CETS,2016-10-17,HKDRUB_TOD,HKDRUB_TOD,0.0,0.0,0.0,0.0,0,0.0,
CETS,2016-10-18,HKDRUB_TOD,HKDRUB_TOD,0.0,0.0,0.0,0.0,0,0.0,
CETS,2016-10-19,HKDRUB_TOD,HKDRUB_TOD,0.0,0.0,0.0,0.0,0,0.0,
CETS,2016-10-20,HKDRUB_TOD,HKDRUB_TOD,0.0,0.0,0.0,0.0,0,0.0,
CETS,2016-10-21,HKDRUB_TOD,HKDRUB_TOD,0.0,0.0,0.0,0.0,0,0.0,
CETS,2016-10-24,HKDRUB_TOD,HKDRUB_TOD,0.0,0.0,0.0,0.0,0,0.0,
CETS,2016-10-25,HKDRUB_TOD,HKDRUB_TOD,0.0,0.0,0.0,0.0,0,0.0,
CETS,2016-10-26,HKDRUB_TOD,HKDRUB_TOD,0.0,0.0,0.0,0.0,0,0.0,
CETS,2016-10-27,HKDRUB_TOD,HKDRUB_TOD,0.0,0.0,0.0,0.0,0,0.0,
CETS,2016-10-28,HKDRUB_TOD,HKDRUB_TOD,0.0,0.0,0.0,0.0,0,0.0,
CETS,2016-10-31,HKDRUB_TOD,HKDRUB_TOD,0.0,0.0,0.0,0.0,0,0.0,
CETS,2016-11-01,HKDRUB_TOD,HKDRUB_TOD,0.0,0.0,0.0,0.0,0,0.0,
CETS,2016-11-02,HKDRUB_TOD,HKDRUB_TOD,0.0,0.0,0.0,0.0,0,0.0,
CETS,2016-11-03,HKDRUB_TOD,HKDRUB_TOD,0.0,0.0,0.0,0.0,0,0.0,
CETS,2016-11-07,HKDRUB_TOD,HKDRUB_TOD,0.0,0.0,0.0,0.0,0,0.0,
CETS,2016-11-08,HKDRUB_TOD,HKDRUB_TOD,0.0,0.0,0.0,0.0,0,0.0,
CETS,2016-11-09,HKDRUB_TOD,HKDRUB_TOD,0.0,0.0,0.0,0.0,0,0.0,
CETS,2016-11-10,HKDRUB_TOD,HKDRUB_TOD,0.0,0.0,0.0,0.0,0,0.0,
CETS,2016-11-11,HKDRUB_TOD,HKDRUB_TOD,0.0,0.0,0.0,0.0,0,0.0,
CETS,2016-11-14,HKDRUB_TOD,HKDRUB_TOD,0.0,0.0,0.0,0.0,0,0.0,
CETS,2016-11-15,HKDRUB_TOD,HKDRUB_TOD,0.0,0.0,0.0,0.0,0,0.0,
CETS,2016-11-16,HKDRUB_TOD,HKDRUB_TOD,0.0,0.0,0.0,0.0,0,0.0,
CETS,2016-11-17,HKDRUB_TOD,HKDRUB_TOD,0.0,0.0,0.0,0.0,0,0.0,
CETS,2016-11-18,HKDRUB_TOD,HKDRUB_TOD,0.0,0.0,0.0,0.0,0,0.0,
CETS,2016-11-21,HKDRUB_TOD,HKDRUB_TOD,0.0,0.0,0.0,0.0,0,0.0,
CETS,2016-11-22,HKDRUB_TOD,HKDRUB_TOD,0.0,0.0,0.0,0.0,0,0.0,
CETS,2016-11-23,HKDRUB_TOD,HKDRUB_TOD,8.1,8.0,8.1,8.0,2,16100.0,8.05
CETS,2016-11-24,HKDRUB_TOD,HKDRUB_TOD,0.0,0.0,0.0,0.0,0,0.0,
CETS,2016-11-25,HKDRUB_TOD,HKDRUB_TOD,0.0,0.0,0.0,0.0,0,0.0,
CETS,2016-11-28,HKDRUB_TOD,HKDRUB_TOD,0.0,0.0,0.0,0.0,0,0.0,
CETS,2016-11-29,HKDRUB_TOD,HKDRUB_TOD,0.0,0.0,0.0,0.0,0,0.0,
CETS,2016-11-30,HKDRUB_TOD,HKDRUB_TOD,0.0,0.0,0.0,0.0,0,0.0,
CETS,2016-12-01,HKDRUB_TOD,HKDRUB_TOD,0.0,0.0,0.0,0.0,0,0.0,
CETS,2016-12-02,HKDRUB_TOD,HKDRUB_TOD,0.0,0.0,0.0,0.0,0,0.0,
CETS,2016-12-05,HKDRUB_TOD,HKDRUB_TOD,0.0,0.0,0.0,0.0,0,0.0,
CETS,2016-12-06,HKDRUB_TOD,HKDRUB_TOD,0.0,0.0,0.0,0.0,0,0.0,
CETS,2016-12-07,HKDRUB_TOD,HKDRUB_TOD,0.0,0.0,0.0,0.0,0,0.0,
CETS,2016-12-08,HKDRUB_TOD,HKDRUB_TOD,0.0,0.0,0.0,0.0,0,0.0,
CETS,2016-12-09,HKDRUB_TOD,HKDRUB_TOD,0.0,0.0,0.0,0.0,0,0.0,
CETS,2016-12-12,HKDRUB_TOD,HKDRUB_TOD,0.0,0.0,0.0,0.0,0,0.0,
CETS,2016-12-13,HKDRUB_TOD,HKDRUB_TOD,0.0,0.0,0.0,0.0,0,0.0,
CETS,2016-12-14,HKDRUB_TOD,HKDRUB_TOD,0.0,0.0,0.0,0.0,0,0.0,
CETS,2016-12-15,HKDRUB_TOD,HKDRUB_TOD,0.0,0.0,0.0,0.0,0,0.0,
CETS,2016-12-16,HKDRUB_TOD,HKDRUB_TOD,0.0,0.0,0.0,0.0,0,0.0,
CETS,2016-12-19,HKDRUB_TOD,HKDRUB_TOD,0.0,0.0,0.0,0.0,0,0.0,
CETS,2016-12-20,HKDRUB_TOD,HKDRUB_TOD,0.0,0.0,0.0,0.0,0,0.0,
CETS,2016-12-21,HKDRUB_TOD,HKDRUB_TOD,0.0,0.0,0.0,0.0,0,0.0,
CETS,2016-12-22,HKDRUB_TOD,HKDRUB_TOD,0.0,0.0,0.0,0.0,0,0.0,
CETS,2016-12-23,HKDRUB_TOD,HKDRUB_TOD,0.0,0.0,0.0,0.0,0,0.0,
CETS,2016-12-26,HKDRUB_TOD,HKDRUB_TOD,0.0,0.0,0.0,0.0,0,0.0,
CETS,2016-12-27,HKDRUB_TOD,HKDRUB_TOD,0.0,0.0,0.0,0.0,0,0.0,
CETS,2016-12-28,HKDRUB_TOD,HKDRUB_TOD,0.0,0.0,0.0,0.0,0,0.0,
CETS,2016-12-29,HKDRUB_TOD,HKDRUB_TOD,0.0,0.0,0.0,0.0,0,0.0,
CETS,2016-12-30,HKDRUB_TOD,HKDRUB_TOD,0.0,0.0,0.0,0.0,0,0.0,
CETS,2017-01-03,HKDRUB_TOD,HKDRUB_TOD,0.0,0.0,0.0,0.0,0,0.0,
CETS,2017-01-04,HKDRUB_TOD,HKDRUB_TOD,0.0,0.0,0.0,0.0,0,0.0,
CETS,2017-01-05,HKDRUB_TOD,HKDRUB_TOD,0.0,0.0,0.0,0.0,0,0.0,
CETS,2017-01-06,HKDRUB_TOD,HKDRUB_TOD,0.0,0.0,0.0,0.0,0,0.0,
CETS,2017-01-09,HKDRUB_TOD,HKDRUB_TOD,0.0,0.0,0.0,0.0,0,0.0,
CETS,2017-01-10,HKDRUB_TOD,HKDRUB_TOD,0.0,0.0,0.0,0.0,0,0.0,
CETS,2017-01-11,HKDRUB_TOD,HKDRUB_TOD,0.0,0.0,0.0,0.0,0,0.0,
CETS,2017-01-12,HKDRUB_TOD,HKDRUB_TOD,0.0,0.0,0.0,0.0,0,0.0,
CETS,2017-01-13,HKDRUB_TOD,HKDRUB_TOD,0.0,0.0,0.0,0.0,0,0.0,
CETS,2017-01-16,HKDRUB_TOD,HKDRUB_TOD,0.0,0.0,0.0,0.0,0,0.0,
CETS,2017-01-17,HKDRUB_TOD,HKDRUB_TOD,0.0,0.0,0.0,0.0,0,0.0,
CETS,2017-01-18,HKDRUB_TOD,HKDRUB_TOD,0.0,0.0,0.0,0.0,0,0.0,
CETS,2017-01-19,HKDRUB_TOD,HKDRUB_TOD,0.0,0.0,0.0,0.0,0,0.0,
CETS,2017-01-20,HKDRUB_TOD,HKDRUB_TOD,0.0,0.0,0.0,0.0,0,0.0,
CETS,2017-01-23,HKDRUB_TOD,HKDRUB_TOD,0.0,0.0,0.0,0.0,0,0.0,
CETS,2017-01-24,HKDRUB_TOD,HKDRUB_TOD,0.0,0.0,0.0,0.0,0,0.0,
CETS,2017-01-25,HKDRUB_TOD,HKDRUB_TOD,0.0,0.0,0.0,0.0,0,0.0,
CETS,2017-01-26,HKDRUB_TOD,HKDRUB_TOD,0.0,0.0,0.0,0.0,0,0.0,
CETS,2017-01-27,HKDRUB_TOD,HKDRUB_TOD,0.0,0.0,0.0,0.0,0,0.0,
CETS,2017-01-30,HKDRUB_TOD,HKDRUB_TOD,0.0,0.0,0.0,0.0,0,0.0,
CETS,2017-01-31,HKDRUB_TOD,HKDRUB_TOD,0.0,0.0,0.0,0.0,0,0.0,
CETS,2017-02-01,HKDRUB_TOD,HKDRUB_TOD,0.0,0.0,0.0,0.0,0,0.0,
CETS,2017-02-02,HKDRUB_TOD,HKDRUB_TOD,0.0,0.0,0.0,0.0,0,0.0,
CETS,2017-02-03,HKDRUB_TOD,HKDRUB_TOD,0.0,0.0,0.0,0.0,0,0.0,
CETS,2017-02-06,HKDRUB_TOD,HKDRUB_TOD,0.0,0.0,0.0,0.0,0,0.0,
CETS,2017-02-07,HKDRUB_TOD,HKDRUB_TOD,0.0,0.0,0.0,0.0,0,0.0,
CETS,2017-02-08,HKDRUB_TOD,HKDRUB_TOD,0.0,0.0,0.0,0.0,0,0.0,
CETS,2017-02-09,HKDRUB_TOD,HKDRUB_TOD,0.0,0.0,0.0,0.0,0,0.0,
CETS,2017-02-10,HKDRUB_TOD,HKDRUB_TOD,0.0,0.0,0.0,0.0,0,0.0,
CETS,2017-02-13,HKDRUB_TOD,HKDRUB_TOD,0.0,0.0,0.0,0.0,0,0.0,
CETS,2017-02-14,HKDRUB_TOD,HKDRUB_TOD,0.0,0.0,0.0,0.0,0,0.0,
CETS,2017-02-15,HKDRUB_TOD,HKDRUB_TOD,0.0,0.0,0.0,0.0,0,0.0,
CETS,2017-02-16,HKDRUB_TOD,HKDRUB_TOD,0.0,0.0,0.0,0.0,0,0.0,
CETS,2017-02-17,HKDRUB_TOD,HKDRUB_TOD,0.0,0.0,0.0,0.0,0,0.0,
CETS,2017-02-20,HKDRUB_TOD,HKDRUB_TOD,0.0,0.0,0.0,0.0,0,0.0,
CETS,2017-02-21,HKDRUB_TOD,HKDRUB_TOD,0.0,0.0,0.0,0.0,0,0.0,
CETS,2017-02-22,HKDRUB_TOD,HKDRUB_TOD,0.0,0.0,0.0,0.0,0,0.0,
CETS,2017-02-24,HKDRUB_TOD,HKDRUB_TOD,0.0,0.0,0.0,0.0,0,0.0,
CETS,2017-02-27,HKDRUB_TOD,HKDRUB_TOD,0.0,0.0,0.0,0.0,0,0.0,
CETS,2017-02-28,HKDRUB_TOD,HKDRUB_TOD,0.0,0.0,0.0,0.0,0,0.0,
CETS,2017-03-01,HKDRUB_TOD,HKDRUB_TOD,0.0,0.0,0.0,0.0,0,0.0,
CETS,2017-03-02,HKDRUB_TOD,HKDRUB_TOD,0.0,0.0,0.0,0.0,0,0.0,
CETS,2017-03-03,HKDRUB_TOD,HKDRUB_TOD,0.0,0.0,0.0,0.0,0,0.0,
CETS,2017-03-06,HKDRUB_TOD,HKDRUB_TOD,0.0,0.0,0.0,0.0,0,0.0,
CETS,2017-03-07,HKDRUB_TOD,HKDRUB_TOD,0.0,0.0,0.0,0.0,0,0.0,
CETS,2017-03-09,HKDRUB_TOD,HKDRUB_TOD,0.0,0.0,0.0,0.0,0,0.0,
CETS,2017-03-10,HKDRUB_TOD,HKDRUB_TOD,0.0,0.0,0.0,0.0,0,0.0,
CETS,2017-03-13,HKDRUB_TOD,HKDRUB_TOD,0.0,0.0,0.0,0.0,0,0.0,
CETS,2017-03-14,HKDRUB_TOD,HKDRUB_TOD,0.0,0.0,0.0,0.0,0,0.0,
CETS,2017-03-15,HKDRUB_TOD,HKDRUB_TOD,0.0,0.0,0.0,0.0,0,0.0,
CETS,2017-03-16,HKDRUB_TOD,HKDRUB_TOD,0.0,0.0,0.0,0.0,0,0.0,
CETS,2017-03-17,HKDRUB_TOD,HKDRUB_TOD,0.0,0.0,0.0,0.0,0,0.0,
CETS,2017-03-20,HKDRUB_TOD,HKDRUB_TOD,0.0,0.0,0.0,0.0,0,0.0,
CETS,2017-03-21,HKDRUB_TOD,HKDRUB_TOD,0.0,0.0,0.0,0.0,0,0.0,
CETS,2017-03-22,HKDRUB_TOD,HKDRUB_TOD,0.0,0.0,0.0,0.0,0,0.0,
CETS,2017-03-23,HKDRUB_TOD,HKDRUB_TOD,0.0,0.0,0.0,0.0,0,0.0,
CETS,2017-03-24,HKDRUB_TOD,HKDRUB_TOD,0.0,0.0,0.0,0.0,0,0.0,
CETS,2017-03-27,HKDRUB_TOD,HKDRUB_TOD,0.0,0.0,0.0,0.0,0,0.0,
CETS,2017-03-28,HKDRUB_TOD,HKDRUB_TOD,0.0,0.0,0.0,0.0,0,0.0,
CETS,2017-03-29,HKDRUB_TOD,HKDRUB_TOD,0.0,0.0,0.0,0.0,0,0.0,
CETS,2017-03-30,HKDRUB_TOD,HKDRUB_TOD,0.0,0.0,0.0,0.0,0,0.0,
CETS,2017-03-31,HKDRUB_TOD,HKDRUB_TOD,0.0,0.0,0.0,0.0,0,0.0,
CETS,2017-04-03,HKDRUB_TOD,HKDRUB_TOD,0.0,0.0,0.0,0.0,0,0.0,
CETS,2017-04-04,HKDRUB_TOD,HKDRUB_TOD,0.0,0.0,0.0,0.0,0,0.0,
CETS,2017-04-05,HKDRUB_TOD,HKDRUB_TOD,0.0,0.0,0.0,0.0,0,0.0,
CETS,2017-04-06,HKDRUB_TOD,HKDRUB_TOD,0.0,0.0,0.0,0.0,0,0.0,
CETS,2017-04-07,HKDRUB_TOD,HKDRUB_TOD,0.0,0.0,0.0,0.0,0,0.0,
CETS,2017-04-10,HKDRUB_TOD,HKDRUB_TOD,0.0,0.0,0.0,0.0,0,0.0,
CETS,2017-04-11,HKDRUB_TOD,HKDRUB_TOD,0.0,0.0,0.0,0.0,0,0.0,
CETS,2017-04-12,HKDRUB_TOD,HKDRUB_TOD,0.0,0.0,0.0,0.0,0,0.0,
CETS,2017-04-13,HKDRUB_TOD,HKDRUB_TOD,0.0,0.0,0.0,0.0,0,0.0,
CETS,2017-04-14,HKDRUB_TOD,HKDRUB_TOD,0.0,0.0,0.0,0.0,0,0.0,
CETS,2017-04-17,HKDRUB_TOD,HKDRUB_TOD,0.0,0.0,0.0,0.0,0,0.0,
CETS,2017-04-18,HKDRUB_TOD,HKDRUB_TOD,0.0,0.0,0.0,0.0,0,0.0,
CETS,2017-04-19,HKDRUB_TOD,HKDRUB_TOD,0.0,0.0,0.0,0.0,0,0.0,
CETS,2017-04-20,HKDRUB_TOD,HKDRUB_TOD,0.0,0.0,0.0,0.0,0,0.0,
CETS,2017-04-21,HKDRUB_TOD,HKDRUB_TOD,0.0,0.0,0.0,0.0,0,0.0,
CETS,2017-04-24,HKDRUB_TOD,HKDRUB_TOD,0.0,0.0,0.0,0.0,0,0.0,
CETS,2017-04-25,HKDRUB_TOD,HKDRUB_TOD,0.0,0.0,0.0,0.0,0,0.0,
CETS,2017-04-26,HKDRUB_TOD,HKDRUB_TOD,0.0,0.0,0.0,0.0,0,0.0,
CETS,2017-04-27,HKDRUB_TOD,HKDRUB_TOD,0.0,0.0,0.0,0.0,0,0.0,
CETS,2017-04-28,HKDRUB_TOD,HKDRUB_TOD,0.0,0.0,0.0,0.0,0,0.0,
CETS,2017-05-02,HKDRUB_TOD,HKDRUB_TOD,0.0,0.0,0.0,0.0,0,0.0,
CETS,2017-05-03,HKDRUB_TOD,HKDRUB_TOD,0.0,0.0,0.0,0.0,0,0.0,
CETS,2017-05-04,HKDRUB_TOD,HKDRUB_TOD,0.0,0.0,0.0,0.0,0,0.0,
CETS,2017-05-05,HKDRUB_TOD,HKDRUB_TOD,0.0,0.0,0.0,0.0,0,0.0,
CETS,2017-05-10,HKDRUB_TOD,HKDRUB_TOD,0.0,0.0,0.0,0.0,0,0.0,
CETS,2017-05-11,HKDRUB_TOD,HKDRUB_TOD,0.0,0.0,0.0,0.0,0,0.0,
CETS,2017-05-12,HKDRUB_TOD,HKDRUB_TOD,0.0,0.0,0.0,0.0,0,0.0,
CETS,2017-05-15,HKDRUB_TOD,HKDRUB_TOD,0.0,0.0,0.0,0.0,0,0.0,
CETS,2017-05-16,HKDRUB_TOD,HKDRUB_TOD,0.0,0.0,0.0,0.0,0,0.0,
CETS,2017-05-17,HKDRUB_TOD,HKDRUB_TOD,0.0,0.0,0.0,0.0,0,0.0,
CETS,2017-05-18,HKDRUB_TOD,HKDRUB_TOD,0.0,0.0,0.0,0.0,0,0.0,
CETS,2017-05-19,HKDRUB_TOD,HKDRUB_TOD,0.0,0.0,0.0,0.0,0,0.0,
CETS,2017-05-22,HKDRUB_TOD,HKDRUB_TOD,0.0,0.0,0.0,0.0,0,0.0,
CETS,2017-05-23,HKDRUB_TOD,HKDRUB_TOD,0.0,0.0,0.0,0.0,0,0.0,
CETS,2017-05-24,HKDRUB_TOD,HKDRUB_TOD,0.0,0.0,0.0,0.0,0,0.0,
CETS,2017-05-25,HKDRUB_TOD,HKDRUB_TOD,0.0,0.0,0.0,0.0,0,0.0,
CETS,2017-05-26,HKDRUB_TOD,HKDRUB_TOD,0.0,0.0,0.0,0.0,0,0.0,
CETS,2017-05-29,HKDRUB_TOD,HKDRUB_TOD,0.0,0.0,0.0,0.0,0,0.0,
CETS,2017-05-30,HKDRUB_TOD,HKDRUB_TOD,0.0,0.0,0.0,0.0,0,0.0,
CETS,2017-05-31,HKDRUB_TOD,HKDRUB_TOD,0.0,0.0,0.0,0.0,0,0.0,
CETS,2017-06-01,HKDRUB_TOD,HKDRUB_TOD,0.0,0.0,0.0,0.0,0,0.0,
CETS,2017-06-02,HKDRUB_TOD,HKDRUB_TOD,0.0,0.0,0.0,0.0,0,0.0,
CETS,2017-06-05,HKDRUB_TOD,HKDRUB_TOD,0.0,0.0,0.0,0.0,0,0.0,
CETS,2017-06-06,HKDRUB_TOD,HKDRUB_TOD,0.0,0.0,0.0,0.0,0,0.0,
CETS,2017-06-07,HKDRUB_TOD,HKDRUB_TOD,0.0,0.0,0.0,0.0,0,0.0,
CETS,2017-06-08,HKDRUB_TOD,HKDRUB_TOD,0.0,0.0,0.0,0.0,0,0.0,
CETS,2017-06-09,HKDRUB_TOD,HKDRUB_TOD,0.0,0.0,0.0,0.0,0,0.0,
CETS,2017-06-13,HKDRUB_TOD,HKDRUB_TOD,0.0,0.0,0.0,0.0,0,0.0,
CETS,2017-06-14,HKDRUB_TOD,HKDRUB_TOD,0.0,0.0,0.0,0.0,0,0.0,
CETS,2017-06-15,HKDRUB_TOD,HKDRUB_TOD,0.0,0.0,0.0,0.0,0,0.0,
CETS,2017-06-16,HKDRUB_TOD,HKDRUB_TOD,0.0,0.0,0.0,0.0,0,0.0,
CETS,2017-06-19,HKDRUB_TOD,HKDRUB_TOD,0.0,0.0,0.0,0.0,0,0.0,
CETS,2017-06-20,HKDRUB_TOD,HKDRUB_TOD,0.0,0.0,0.0,0.0,0,0.0,
CETS,2017-06-21,HKDRUB_TOD,HKDRUB_TOD,0.0,0.0,0.0,0.0,0,0.0,
CETS,2017-06-22,HKDRUB_TOD,HKDRUB_TOD,0.0,0.0,0.0,0.0,0,0.0,
CETS,2017-06-23,HKDRUB_TOD,HKDRUB_TOD,0.0,0.0,0.0,0.0,0,0.0,
CETS,2017-06-26,HKDRUB_TOD,HKDRUB_TOD,0.0,0.0,0.0,0.0,0,0.0,
CETS,2017-06-27,HKDRUB_TOD,HKDRUB_TOD,0.0,0.0,0.0,0.0,0,0.0,
CETS,2017-06-28,HKDRUB_TOD,HKDRUB_TOD,0.0,0.0,0.0,0.0,0,0.0,
CETS,2017-06-29,HKDRUB_TOD,HKDRUB_TOD,0.0,0.0,0.0,0.0,0,0.0,
CETS,2017-06-30,HKDRUB_TOD,HKDRUB_TOD,0.0,0.0,0.0,0.0,0,0.0,
CETS,2017-07-03,HKDRUB_TOD,HKDRUB_TOD,0.0,0.0,0.0,0.0,0,0.0,
CETS,2017-07-04,HKDRUB_TOD,HKDRUB_TOD,0.0,0.0,0.0,0.0,0,0.0,
CETS,2017-07-05,HKDRUB_TOD,HKDRUB_TOD,0.0,0.0,0.0,0.0,0,0.0,
CETS,2017-07-06,HKDRUB_TOD,HKDRUB_TOD,0.0,0.0,0.0,0.0,0,0.0,
CETS,2017-07-07,HKDRUB_TOD,HKDRUB_TOD,0.0,0.0,0.0,0.0,0,0.0,
CETS,2017-07-10,HKDRUB_TOD,HKDRUB_TOD,0.0,0.0,0.0,0.0,0,0.0,
CETS,2017-07-11,HKDRUB_TOD,HKDRUB_TOD,0.0,0.0,0.0,0.0,0,0.0,
CETS,2017-07-12,HKDRUB_TOD,HKDRUB_TOD,0.0,0.0,0.0,0.0,0,0.0,
CETS,2017-07-13,HKDRUB_TOD,HKDRUB_TOD,0.0,0.0,0.0,0.0,0,0.0,
CETS,2017-07-14,HKDRUB_TOD,HKDRUB_TOD,0.0,0.0,0.0,0.0,0,0.0,
CETS,2017-07-17,HKDRUB_TOD,HKDRUB_TOD,0.0,0.0,0.0,0.0,0,0.0,
CETS,2017-07-18,HKDRUB_TOD,HKDRUB_TOD,0.0,0.0,0.0,0.0,0,0.0,
CETS,2017-07-19,HKDRUB_TOD,HKDRUB_TOD,0.0,0.0,0.0,0.0,0,0.0,
CETS,2017-07-20,HKDRUB_TOD,HKDRUB_TOD,0.0,0.0,0.0,0.0,0,0.0,
CETS,2017-07-21,HKDRUB_TOD,HKDRUB_TOD,0.0,0.0,0.0,0.0,0,0.0,
CETS,2017-07-24,HKDRUB_TOD,HKDRUB_TOD,0.0,0.0,0.0,0.0,0,0.0,
CETS,2017-07-25,HKDRUB_TOD,HKDRUB_TOD,0.0,0.0,0.0,0.0,0,0.0,
CETS,2017-07-26,HKDRUB_TOD,HKDRUB_TOD,0.0,0.0,0.0,0.0,0,0.0,
CETS,2017-07-27,HKDRUB_TOD,HKDRUB_TOD,0.0,0.0,0.0,0.0,0,0.0,
CETS,2017-07-28,HKDRUB_TOD,HKDRUB_TOD,0.0,0.0,0.0,0.0,0,0.0,
CETS,2017-07-31,HKDRUB_TOD,HKDRUB_TOD,0.0,0.0,0.0,0.0,0,0.0,
CETS,2017-08-01,HKDRUB_TOD,HKDRUB_TOD,0.0,0.0,0.0,0.0,0,0.0,
CETS,2017-08-02,HKDRUB_TOD,HKDRUB_TOD,0.0,0.0,0.0,0.0,0,0.0,
CETS,2017-08-03,HKDRUB_TOD,HKDRUB_TOD,0.0,0.0,0.0,0.0,0,0.0,
CETS,2017-08-04,HKDRUB_TOD,HKDRUB_TOD,0.0,0.0,0.0,0.0,0,0.0,
CETS,2017-08-07,HKDRUB_TOD,HKDRUB_TOD,0.0,0.0,0.0,0.0,0,0.0,
CETS,2017-08-08,HKDRUB_TOD,HKDRUB_TOD,0.0,0.0,0.0,0.0,0,0.0,
CETS,2017-08-09,HKDRUB_TOD,HKDRUB_TOD,0.0,0.0,0.0,0.0,0,0.0,
CETS,2017-08-10,HKDRUB_TOD,HKDRUB_TOD,0.0,0.0,0.0,0.0,0,0.0,
CETS,2017-08-11,HKDRUB_TOD,HKDRUB_TOD,0.0,0.0,0.0,0.0,0,0.0,
CETS,2017-08-14,HKDRUB_TOD,HKDRUB_TOD,0.0,0.0,0.0,0.0,0,0.0,
CETS,2017-08-15,HKDRUB_TOD,HKDRUB_TOD,0.0,0.0,0.0,0.0,0,0.0,
CETS,2017-08-16,HKDRUB_TOD,HKDRUB_TOD,0.0,0.0,0.0,0.0,0,0.0,
CETS,2017-08-17,HKDRUB_TOD,HKDRUB_TOD,0.0,0.0,0.0,0.0,0,0.0,
CETS,2017-08-18,HKDRUB_TOD,HKDRUB_TOD,0.0,0.0,0.0,0.0,0,0.0,
CETS,2017-08-21,HKDRUB_TOD,HKDRUB_TOD,0.0,0.0,0.0,0.0,0,0.0,
CETS,2017-08-22,HKDRUB_TOD,HKDRUB_TOD,0.0,0.0,0.0,0.0,0,0.0,
CETS,2017-08-23,HKDRUB_TOD,HKDRUB_TOD,0.0,0.0,0.0,0.0,0,0.0,
CETS,2017-08-24,HKDRUB_TOD,HKDRUB_TOD,0.0,0.0,0.0,0.0,0,0.0,
CETS,2017-08-25,HKDRUB_TOD,HKDRUB_TOD,0.0,0.0,0.0,0.0,0,0.0,
CETS,2017-08-28,HKDRUB_TOD,HKDRUB_TOD,0.0,0.0,0.0,0.0,0,0.0,
CETS,2017-08-29,HKDRUB_TOD,HKDRUB_TOD,0.0,0.0,0.0,0.0,0,0.0,
CETS,2017-08-30,HKDRUB_TOD,HKDRUB_TOD,0.0,0.0,0.0,0.0,0,0.0,
CETS,2017-08-31,HKDRUB_TOD,HKDRUB_TOD,0.0,0.0,0.0,0.0,0,0.0,
CETS,2017-09-01,HKDRUB_TOD,HKDRUB_TOD,0.0,0.0,0.0,0.0,0,0.0,
CETS,2017-09-04,HKDRUB_TOD,HKDRUB_TOD,0.0,0.0,0.0,0.0,0,0.0,
CETS,2017-09-05,HKDRUB_TOD,HKDRUB_TOD,0.0,0.0,0.0,0.0,0,0.0,
CETS,2017-09-06,HKDRUB_TOD,HKDRUB_TOD,0.0,0.0,0.0,0.0,0,0.0,
CETS,2017-09-07,HKDRUB_TOD,HKDRUB_TOD,0.0,0.0,0.0,0.0,0,0.0,
CETS,2017-09-08,HKDRUB_TOD,HKDRUB_TOD,0.0,0.0,0.0,0.0,0,0.0,
CETS,2017-09-11,HKDRUB_TOD,HKDRUB_TOD,0.0,0.0,0.0,0.0,0,0.0,
CETS,2017-09-12,HKDRUB_TOD,HKDRUB_TOD,0.0,0.0,0.0,0.0,0,0.0,
CETS,2017-09-13,HKDRUB_TOD,HKDRUB_TOD,0.0,0.0,0.0,0.0,0,0.0,
CETS,2017-09-14,HKDRUB_TOD,HKDRUB_TOD,0.0,0.0,0.0,0.0,0,0.0,
CETS,2017-09-15,HKDRUB_TOD,HKDRUB_TOD,0.0,0.0,0.0,0.0,0,0.0,
CETS,2017-09-18,HKDRUB_TOD,HKDRUB_TOD,0.0,0.0,0.0,0.0,0,0.0,
CETS,2017-09-19,HKDRUB_TOD,HKDRUB_TOD,0.0,0.0,0.0,0.0,0,0.0,
CETS,2017-09-20,HKDRUB_TOD,HKDRUB_TOD,0.0,0.0,0.0,0.0,0,0.0,
CETS,2017-09-21,HKDRUB_TOD,HKDRUB_TOD,0.0,0.0,0.0,0.0,0,0.0,
CETS,2017-09-22,HKDRUB_TOD,HKDRUB_TOD,0.0,0.0,0.0,0.0,0,0.0,
CETS,2017-09-25,HKDRUB_TOD,HKDRUB_TOD,0.0,0.0,0.0,0.0,0,0.0,
CETS,2017-09-26,HKDRUB_TOD,HKDRUB_TOD,0.0,0.0,0.0,0.0,0,0.0,
CETS,2017-09-27,HKDRUB_TOD,HKDRUB_TOD,0.0,0.0,0.0,0.0,0,0.0,
CETS,2017-09-28,HKDRUB_TOD,HKDRUB_TOD,0.0,0.0,0.0,0.0,0,0.0,
CETS,2017-09-29,HKDRUB_TOD,HKDRUB_TOD,0.0,0.0,0.0,0.0,0,0.0,
CETS,2017-10-02,HKDRUB_TOD,HKDRUB_TOD,0.0,0.0,0.0,0.0,0,0.0,
CETS,2017-10-03,HKDRUB_TOD,HKDRUB_TOD,0.0,0.0,0.0,0.0,0,0.0,
CETS,2017-10-04,HKDRUB_TOD,HKDRUB_TOD,0.0,0.0,0.0,0.0,0,0.0,
CETS,2017-10-05,HKDRUB_TOD,HKDRUB_TOD,0.0,0.0,0.0,0.0,0,0.0,
CETS,2017-10-06,HKDRUB_TOD,HKDRUB_TOD,0.0,0.0,0.0,0.0,0,0.0,
CETS,2017-10-09,HKDRUB_TOD,HKDRUB_TOD,0.0,0.0,0.0,0.0,0,0.0,
CETS,2017-10-10,HKDRUB_TOD,HKDRUB_TOD,0.0,0.0,0.0,0.0,0,0.0,
CETS,2017-10-11,HKDRUB_TOD,HKDRUB_TOD,0.0,0.0,0.0,0.0,0,0.0,
CETS,2017-10-12,HKDRUB_TOD,HKDRUB_TOD,0.0,0.0,0.0,0.0,0,0.0,
CETS,2017-10-13,HKDRUB_TOD,HKDRUB_TOD,0.0,0.0,0.0,0.0,0,0.0,
CETS,2017-10-16,HKDRUB_TOD,HKDRUB_TOD,0.0,0.0,0.0,0.0,0,0.0,
CETS,2017-10-17,HKDRUB_TOD,HKDRUB_TOD,0.0,0.0,0.0,0.0,0,0.0,
CETS,2017-10-18,HKDRUB_TOD,HKDRUB_TOD,0.0,0.0,0.0,0.0,0,0.0,
CETS,2017-10-19,HKDRUB_TOD,HKDRUB_TOD,0.0,0.0,0.0,0.0,0,0.0,
CETS,2017-10-20,HKDRUB_TOD,HKDRUB_TOD,0.0,0.0,0.0,0.0,0,0.0,
CETS,2017-10-23,HKDRUB_TOD,HKDRUB_TOD,0.0,0.0,0.0,0.0,0,0.0,
CETS,2017-10-24,HKDRUB_TOD,HKDRUB_TOD,0.0,0.0,0.0,0.0,0,0.0,
CETS,2017-10-25,HKDRUB_TOD,HKDRUB_TOD,0.0,0.0,0.0,0.0,0,0.0,
CETS,2017-10-26,HKDRUB_TOD,HKDRUB_TOD,0.0,0.0,0.0,0.0,0,0.0,
CETS,2017-10-27,HKDRUB_TOD,HKDRUB_TOD,0.0,0.0,0.0,0.0,0,0.0,
CETS,2017-10-30,HKDRUB_TOD,HKDRUB_TOD,0.0,0.0,0.0,0.0,0,0.0,
CETS,2017-10-31,HKDRUB_TOD,HKDRUB_TOD,0.0,0.0,0.0,0.0,0,0.0,
CETS,2017-11-01,HKDRUB_TOD,HKDRUB_TOD,0.0,0.0,0.0,0.0,0,0.0,
CETS,2017-11-02,HKDRUB_TOD,HKDRUB_TOD,0.0,0.0,0.0,0.0,0,0.0,
CETS,2017-11-03,HKDRUB_TOD,HKDRUB_TOD,0.0,0.0,0.0,0.0,0,0.0,
CETS,2017-11-07,HKDRUB_TOD,HKDRUB_TOD,0.0,0.0,0.0,0.0,0,0.0,
CETS,2017-11-08,HKDRUB_TOD,HKDRUB_TOD,0.0,0.0,0.0,0.0,0,0.0,
CETS,2017-11-09,HKDRUB_TOD,HKDRUB_TOD,0.0,0.0,0.0,0.0,0,0.0,
CETS,2017-11-10,HKDRUB_TOD,HKDRUB_TOD,0.0,0.0,0.0,0.0,0,0.0,
CETS,2017-11-13,HKDRUB_TOD,HKDRUB_TOD,0.0,0.0,0.0,0.0,0,0.0,
CETS,2017-11-14,HKDRUB_TOD,HKDRUB_TOD,0.0,0.0,0.0,0.0,0,0.0,
CETS,2017-11-15,HKDRUB_TOD,HKDRUB_TOD,0.0,0.0,0.0,0.0,0,0.0,
CETS,2017-11-16,HKDRUB_TOD,HKDRUB_TOD,0.0,0.0,0.0,0.0,0,0.0,
CETS,2017-11-17,HKDRUB_TOD,HKDRUB_TOD,0.0,0.0,0.0,0.0,0,0.0,
CETS,2017-11-20,HKDRUB_TOD,HKDRUB_TOD,0.0,0.0,0.0,0.0,0,0.0,
CETS,2017-11-21,HKDRUB_TOD,HKDRUB_TOD,0.0,0.0,0.0,0.0,0,0.0,
CETS,2017-11-22,HKDRUB_TOD,HKDRUB_TOD,0.0,0.0,0.0,0.0,0,0.0,
CETS,2017-11-23,HKDRUB_TOD,HKDRUB_TOD,0.0,0.0,0.0,0.0,0,0.0,
CETS,2017-11-24,HKDRUB_TOD,HKDRUB_TOD,0.0,0.0,0.0,0.0,0,0.0,
CETS,2017-11-27,HKDRUB_TOD,HKDRUB_TOD,0.0,0.0,0.0,0.0,0,0.0,
CETS,2017-11-28,HKDRUB_TOD,HKDRUB_TOD,0.0,0.0,0.0,0.0,0,0.0,
CETS,2017-11-29,HKDRUB_TOD,HKDRUB_TOD,0.0,0.0,0.0,0.0,0,0.0,
CETS,2017-11-30,HKDRUB_TOD,HKDRUB_TOD,0.0,0.0,0.0,0.0,0,0.0,
CETS,2017-12-01,HKDRUB_TOD,HKDRUB_TOD,0.0,0.0,0.0,0.0,0,0.0,
CETS,2017-12-04,HKDRUB_TOD,HKDRUB_TOD,0.0,0.0,0.0,0.0,0,0.0,
CETS,2017-12-05,HKDRUB_TOD,HKDRUB_TOD,0.0,0.0,0.0,0.0,0,0.0,
CETS,2017-12-06,HKDRUB_TOD,HKDRUB_TOD,0.0,0.0,0.0,0.0,0,0.0,
CETS,2017-12-07,HKDRUB_TOD,HKDRUB_TOD,0.0,0.0,0.0,0.0,0,0.0,
CETS,2017-12-08,HKDRUB_TOD,HKDRUB_TOD,0.0,0.0,0.0,0.0,0,0.0,
CETS,2017-12-11,HKDRUB_TOD,HKDRUB_TOD,0.0,0.0,0.0,0.0,0,0.0,
CETS,2017-12-12,HKDRUB_TOD,HKDRUB_TOD,0.0,0.0,0.0,0.0,0,0.0,
CETS,2017-12-13,HKDRUB_TOD,HKDRUB_TOD,0.0,0.0,0.0,0.0,0,0.0,
CETS,2017-12-14,HKDRUB_TOD,HKDRUB_TOD,0.0,0.0,0.0,0.0,0,0.0,
CETS,2017-12-15,HKDRUB_TOD,HKDRUB_TOD,0.0,0.0,0.0,0.0,0,0.0,
CETS,2017-12-18,HKDRUB_TOD,HKDRUB_TOD,0.0,0.0,0.0,0.0,0,0.0,
CETS,2017-12-19,HKDRUB_TOD,HKDRUB_TOD,0.0,0.0,0.0,0.0,0,0.0,
CETS,2017-12-20,HKDRUB_TOD,HKDRUB_TOD,0.0,0.0,0.0,0.0,0,0.0,
CETS,2017-12-21,HKDRUB_TOD,HKDRUB_TOD,0.0,0.0,0.0,0.0,0,0.0,
CETS,2017-12-22,HKDRUB_TOD,HKDRUB_TOD,0.0,0.0,0.0,0.0,0,0.0,
CETS,2017-12-25,HKDRUB_TOD,HKDRUB_TOD,0.0,0.0,0.0,0.0,0,0.0,
CETS,2017-12-26,HKDRUB_TOD,HKDRUB_TOD,0.0,0.0,0.0,0.0,0,0.0,
CETS,2017-12-27,HKDRUB_TOD,HKDRUB_TOD,0.0,0.0,0.0,0.0,0,0.0,
CETS,2017-12-28,HKDRUB_TOD,HKDRUB_TOD,0.0,0.0,0.0,0.0,0,0.0,
CETS,2017-12-29,HKDRUB_TOD,HKDRUB_TOD,0.0,0.0,0.0,0.0,0,0.0,
CETS,2018-01-03,HKDRUB_TOD,HKDRUB_TOD,0.0,0.0,0.0,0.0,0,0.0,
CETS,2018-01-04,HKDRUB_TOD,HKDRUB_TOD,0.0,0.0,0.0,0.0,0,0.0,
CETS,2018-01-05,HKDRUB_TOD,HKDRUB_TOD,0.0,0.0,0.0,0.0,0,0.0,
CETS,2018-01-09,HKDRUB_TOD,HKDRUB_TOD,0.0,0.0,0.0,0.0,0,0.0,
CETS,2018-01-10,HKDRUB_TOD,HKDRUB_TOD,0.0,0.0,0.0,0.0,0,0.0,
CETS,2018-01-11,HKDRUB_TOD,HKDRUB_TOD,0.0,0.0,0.0,0.0,0,0.0,
CETS,2018-01-12,HKDRUB_TOD,HKDRUB_TOD,0.0,0.0,0.0,0.0,0,0.0,
CETS,2018-01-15,HKDRUB_TOD,HKDRUB_TOD,0.0,0.0,0.0,0.0,0,0.0,
CETS,2018-01-16,HKDRUB_TOD,HKDRUB_TOD,0.0,0.0,0.0,0.0,0,0.0,
CETS,2018-01-17,HKDRUB_TOD,HKDRUB_TOD,0.0,0.0,0.0,0.0,0,0.0,
CETS,2018-01-18,HKDRUB_TOD,HKDRUB_TOD,0.0,0.0,0.0,0.0,0,0.0,
CETS,2018-01-19,HKDRUB_TOD,HKDRUB_TOD,0.0,0.0,0.0,0.0,0,0.0,
CETS,2018-01-22,HKDRUB_TOD,HKDRUB_TOD,0.0,0.0,0.0,0.0,0,0.0,
CETS,2018-01-23,HKDRUB_TOD,HKDRUB_TOD,0.0,0.0,0.0,0.0,0,0.0,
CETS,2018-01-24,HKDRUB_TOD,HKDRUB_TOD,0.0,0.0,0.0,0.0,0,0.0,
CETS,2018-01-25,HKDRUB_TOD,HKDRUB_TOD,0.0,0.0,0.0,0.0,0,0.0,
CETS,2018-01-26,HKDRUB_TOD,HKDRUB_TOD,0.0,0.0,0.0,0.0,0,0.0,
CETS,2018-01-29,HKDRUB_TOD,HKDRUB_TOD,0.0,0.0,0.0,0.0,0,0.0,
CETS,2018-01-30,HKDRUB_TOD,HKDRUB_TOD,0.0,0.0,0.0,0.0,0,0.0,
CETS,2018-01-31,HKDRUB_TOD,HKDRUB_TOD,0.0,0.0,0.0,0.0,0,0.0,
CETS,2018-02-01,HKDRUB_TOD,HKDRUB_TOD,0.0,0.0,0.0,0.0,0,0.0,
CETS,2018-02-02,HKDRUB_TOD,HKDRUB_TOD,0.0,0.0,0.0,0.0,0,0.0,
CETS,2018-02-05,HKDRUB_TOD,HKDRUB_TOD,0.0,0.0,0.0,0.0,0,0.0,
CETS,2018-02-06,HKDRUB_TOD,HKDRUB_TOD,0.0,0.0,0.0,0.0,0,0.0,
CETS,2018-02-07,HKDRUB_TOD,HKDRUB_TOD,0.0,0.0,0.0,0.0,0,0.0,
CETS,2018-02-08,HKDRUB_TOD,HKDRUB_TOD,0.0,0.0,0.0,0.0,0,0.0,
CETS,2018-02-09,HKDRUB_TOD,HKDRUB_TOD,0.0,0.0,0.0,0.0,0,0.0,
CETS,2018-02-12,HKDRUB_TOD,HKDRUB_TOD,0.0,0.0,0.0,0.0,0,0.0,
CETS,2018-02-13,HKDRUB_TOD,HKDRUB_TOD,0.0,0.0,0.0,0.0,0,0.0,
CETS,2018-02-14,HKDRUB_TOD,HKDRUB_TOD,0.0,0.0,0.0,0.0,0,0.0,
CETS,2018-02-15,HKDRUB_TOD,HKDRUB_TOD,7.1,7.1,7.1,7.1,1,7100.0,7.1
CETS,2018-02-16,HKDRUB_TOD,HKDRUB_TOD,0.0,0.0,0.0,0.0,0,0.0,
CETS,2018-02-19,HKDRUB_TOD,HKDRUB_TOD,0.0,0.0,0.0,0.0,0,0.0,
CETS,2018-02-20,HKDRUB_TOD,HKDRUB_TOD,0.0,0.0,0.0,0.0,0,0.0,
CETS,2018-02-21,HKDRUB_TOD,HKDRUB_TOD,0.0,0.0,0.0,0.0,0,0.0,
CETS,2018-02-22,HKDRUB_TOD,HKDRUB_TOD,0.0,0.0,0.0,0.0,0,0.0,
CETS,2018-02-26,HKDRUB_TOD,HKDRUB_TOD,0.0,0.0,0.0,0.0,0,0.0,
CETS,2018-02-27,HKDRUB_TOD,HKDRUB_TOD,0.0,0.0,0.0,0.0,0,0.0,
CETS,2018-02-28,HKDRUB_TOD,HKDRUB_TOD,0.0,0.0,0.0,0.0,0,0.0,
CETS,2018-03-01,HKDRUB_TOD,HKDRUB_TOD,0.0,0.0,0.0,0.0,0,0.0,
CETS,2018-03-02,HKDRUB_TOD,HKDRUB_TOD,0.0,0.0,0.0,0.0,0,0.0,
CETS,2018-03-05,HKDRUB_TOD,HKDRUB_TOD,0.0,0.0,0.0,0.0,0,0.0,
CETS,2018-03-06,HKDRUB_TOD,HKDRUB_TOD,0.0,0.0,0.0,0.0,0,0.0,
CETS,2018-03-07,HKDRUB_TOD,HKDRUB_TOD,0.0,0.0,0.0,0.0,0,0.0,
CETS,2018-03-09,HKDRUB_TOD,HKDRUB_TOD,0.0,0.0,0.0,0.0,0,0.0,
CETS,2018-03-12,HKDRUB_TOD,HKDRUB_TOD,0.0,0.0,0.0,0.0,0,0.0,
CETS,2018-03-13,HKDRUB_TOD,HKDRUB_TOD,0.0,0.0,0.0,0.0,0,0.0,
CETS,2018-03-14,HKDRUB_TOD,HKDRUB_TOD,0.0,0.0,0.0,0.0,0,0.0,
CETS,2018-03-15,HKDRUB_TOD,HKDRUB_TOD,0.0,0.0,0.0,0.0,0,0.0,
CETS,2018-03-16,HKDRUB_TOD,HKDRUB_TOD,0.0,0.0,0.0,0.0,0,0.0,
CETS,2018-03-19,HKDRUB_TOD,HKDRUB_TOD,0.0,0.0,0.0,0.0,0,0.0,
CETS,2018-03-20,HKDRUB_TOD,HKDRUB_TOD,0.0,0.0,0.0,0.0,0,0.0,
CETS,2018-03-21,HKDRUB_TOD,HKDRUB_TOD,0.0,0.0,0.0,0.0,0,0.0,
CETS,2018-03-22,HKDRUB_TOD,HKDRUB_TOD,0.0,0.0,0.0,0.0,0,0.0,
CETS,2018-03-23,HKDRUB_TOD,HKDRUB_TOD,0.0,0.0,0.0,0.0,0,0.0,
CETS,2018-03-26,HKDRUB_TOD,HKDRUB_TOD,0.0,0.0,0.0,0.0,0,0.0,
CETS,2018-03-27,HKDRUB_TOD,HKDRUB_TOD,0.0,0.0,0.0,0.0,0,0.0,
CETS,2018-03-28,HKDRUB_TOD,HKDRUB_TOD,0.0,0.0,0.0,0.0,0,0.0,
CETS,2018-03-29,HKDRUB_TOD,HKDRUB_TOD,0.0,0.0,0.0,0.0,0,0.0,
CETS,2018-03-30,HKDRUB_TOD,HKDRUB_TOD,0.0,0.0,0.0,0.0,0,0.0,
CETS,2018-04-02,HKDRUB_TOD,HKDRUB_TOD,0.0,0.0,0.0,0.0,0,0.0,
CETS,2018-04-03,HKDRUB_TOD,HKDRUB_TOD,0.0,0.0,0.0,0.0,0,0.0,
CETS,2018-04-04,HKDRUB_TOD,HKDRUB_TOD,0.0,0.0,0.0,0.0,0,0.0,
CETS,2018-04-05,HKDRUB_TOD,HKDRUB_TOD,0.0,0.0,0.0,0.0,0,0.0,
CETS,2018-04-06,HKDRUB_TOD,HKDRUB_TOD,0.0,0.0,0.0,0.0,0,0.0,
CETS,2018-04-09,HKDRUB_TOD,HKDRUB_TOD,0.0,0.0,0.0,0.0,0,0.0,
CETS,2018-04-10,HKDRUB_TOD,HKDRUB_TOD,0.0,0.0,0.0,0.0,0,0.0,
CETS,2018-04-11,HKDRUB_TOD,HKDRUB_TOD,0.0,0.0,0.0,0.0,0,0.0,
CETS,2018-04-12,HKDRUB_TOD,HKDRUB_TOD,0.0,0.0,0.0,0.0,0,0.0,
CETS,2018-04-13,HKDRUB_TOD,HKDRUB_TOD,0.0,0.0,0.0,0.0,0,0.0,
CETS,2018-04-16,HKDRUB_TOD,HKDRUB_TOD,0.0,0.0,0.0,0.0,0,0.0,
CETS,2018-04-17,HKDRUB_TOD,HKDRUB_TOD,0.0,0.0,0.0,0.0,0,0.0,
CETS,2018-04-18,HKDRUB_TOD,HKDRUB_TOD,0.0,0.0,0.0,0.0,0,0.0,
CETS,2018-04-19,HKDRUB_TOD,HKDRUB_TOD,0.0,0.0,0.0,0.0,0,0.0,
CETS,2018-04-20,HKDRUB_TOD,HKDRUB_TOD,0.0,0.0,0.0,0.0,0,0.0,
CETS,2018-04-23,HKDRUB_TOD,HKDRUB_TOD,0.0,0.0,0.0,0.0,0,0.0,
CETS,2018-04-24,HKDRUB_TOD,HKDRUB_TOD,0.0,0.0,0.0,0.0,0,0.0,
CETS,2018-04-25,HKDRUB_TOD,HKDRUB_TOD,0.0,0.0,0.0,0.0,0,0.0,
CETS,2018-04-26,HKDRUB_TOD,HKDRUB_TOD,0.0,0.0,0.0,0.0,0,0.0,
CETS,2018-04-27,HKDRUB_TOD,HKDRUB_TOD,0.0,0.0,0.0,0.0,0,0.0,
CETS,2018-04-28,HKDRUB_TOD,HKDRUB_TOD,0.0,0.0,0.0,0.0,0,0.0,
CETS,2018-04-30,HKDRUB_TOD,HKDRUB_TOD,0.0,0.0,0.0,0.0,0,0.0,
CETS,2018-05-02,HKDRUB_TOD,HKDRUB_TOD,0.0,0.0,0.0,0.0,0,0.0,
CETS,2018-05-03,HKDRUB_TOD,HKDRUB_TOD,0.0,0.0,0.0,0.0,0,0.0,
CETS,2018-05-04,HKDRUB_TOD,HKDRUB_TOD,0.0,0.0,0.0,0.0,0,0.0,
CETS,2018-05-07,HKDRUB_TOD,HKDRUB_TOD,0.0,0.0,0.0,0.0,0,0.0,
CETS,2018-05-08,HKDRUB_TOD,HKDRUB_TOD,0.0,0.0,0.0,0.0,0,0.0,
CETS,2018-05-10,HKDRUB_TOD,HKDRUB_TOD,0.0,0.0,0.0,0.0,0,0.0,
CETS,2018-05-11,HKDRUB_TOD,HKDRUB_TOD,0.0,0.0,0.0,0.0,0,0.0,
CETS,2018-05-14,HKDRUB_TOD,HKDRUB_TOD,0.0,0.0,0.0,0.0,0,0.0,
CETS,2018-05-15,HKDRUB_TOD,HKDRUB_TOD,0.0,0.0,0.0,0.0,0,0.0,
CETS,2018-05-16,HKDRUB_TOD,HKDRUB_TOD,0.0,0.0,0.0,0.0,0,0.0,
CETS,2018-05-17,HKDRUB_TOD,HKDRUB_TOD,0.0,0.0,0.0,0.0,0,0.0,
CETS,2018-05-18,HKDRUB_TOD,HKDRUB_TOD,0.0,0.0,0.0,0.0,0,0.0,
CETS,2018-05-21,HKDRUB_TOD,HKDRUB_TOD,0.0,0.0,0.0,0.0,0,0.0,
CETS,2018-05-22,HKDRUB_TOD,HKDRUB_TOD,0.0,0.0,0.0,0.0,0,0.0,
CETS,2018-05-23,HKDRUB_TOD,HKDRUB_TOD,0.0,0.0,0.0,0.0,0,0.0,
CETS,2018-05-24,HKDRUB_TOD,HKDRUB_TOD,0.0,0.0,0.0,0.0,0,0.0,
CETS,2018-05-25,HKDRUB_TOD,HKDRUB_TOD,0.0,0.0,0.0,0.0,0,0.0,
CETS,2018-05-28,HKDRUB_TOD,HKDRUB_TOD,0.0,0.0,0.0,0.0,0,0.0,
CETS,2018-05-29,HKDRUB_TOD,HKDRUB_TOD,0.0,0.0,0.0,0.0,0,0.0,
CETS,2018-05-30,HKDRUB_TOD,HKDRUB_TOD,0.0,0.0,0.0,0.0,0,0.0,
CETS,2018-05-31,HKDRUB_TOD,HKDRUB_TOD,0.0,0.0,0.0,0.0,0,0.0,
CETS,2018-06-01,HKDRUB_TOD,HKDRUB_TOD,0.0,0.0,0.0,0.0,0,0.0,
CETS,2018-06-04,HKDRUB_TOD,HKDRUB_TOD,7.905,7.905,7.905,7.905,1,395250.0,7.905
CETS,2018-06-05,HKDRUB_TOD,HKDRUB_TOD,0.0,0.0,0.0,0.0,0,0.0,
CETS,2018-06-06,HKDRUB_TOD,HKDRUB_TOD,0.0,0.0,0.0,0.0,0,0.0,
CETS,2018-06-07,HKDRUB_TOD,HKDRUB_TOD,0.0,0.0,0.0,0.0,0,0.0,
CETS,2018-06-08,HKDRUB_TOD,HKDRUB_TOD,0.0,0.0,0.0,0.0,0,0.0,
CETS,2018-06-09,HKDRUB_TOD,HKDRUB_TOD,0.0,0.0,0.0,0.0,0,0.0,
CETS,2018-06-11,HKDRUB_TOD,HKDRUB_TOD,0.0,0.0,0.0,0.0,0,0.0,
CETS,2018-06-13,HKDRUB_TOD,HKDRUB_TOD,0.0,0.0,0.0,0.0,0,0.0,
CETS,2018-06-14,HKDRUB_TOD,HKDRUB_TOD,0.0,0.0,0.0,0.0,0,0.0,
CETS,2018-06-15,HKDRUB_TOD,HKDRUB_TOD,0.0,0.0,0.0,0.0,0,0.0,
CETS,2018-06-18,HKDRUB_TOD,HKDRUB_TOD,0.0,0.0,0.0,0.0,0,0.0,
CETS,2018-06-19,HKDRUB_TOD,HKDRUB_TOD,0.0,0.0,0.0,0.0,0,0.0,
CETS,2018-06-20,HKDRUB_TOD,HKDRUB_TOD,0.0,0.0,0.0,0.0,0,0.0,
CETS,2018-06-21,HKDRUB_TOD,HKDRUB_TOD,0.0,0.0,0.0,0.0,0,0.0,
CETS,2018-06-22,HKDRUB_TOD,HKDRUB_TOD,0.0,0.0,0.0,0.0,0,0.0,
CETS,2018-06-25,HKDRUB_TOD,HKDRUB_TOD,0.0,0.0,0.0,0.0,0,0.0,
CETS,2018-06-26,HKDRUB_TOD,HKDRUB_TOD,0.0,0.0,0.0,0.0,0,0.0,
CETS,2018-06-27,HKDRUB_TOD,HKDRUB_TOD,0.0,0.0,0.0,0.0,0,0.0,
CETS,2018-06-28,HKDRUB_TOD,HKDRUB_TOD,0.0,0.0,0.0,0.0,0,0.0,
CETS,2018-06-29,HKDRUB_TOD,HKDRUB_TOD,0.0,0.0,0.0,0.0,0,0.0,
CETS,2018-07-02,HKDRUB_TOD,HKDRUB_TOD,0.0,0.0,0.0,0.0,0,0.0,
CETS,2018-07-03,HKDRUB_TOD,HKDRUB_TOD,0.0,0.0,0.0,0.0,0,0.0,
CETS,2018-07-04,HKDRUB_TOD,HKDRUB_TOD,0.0,0.0,0.0,0.0,0,0.0,
CETS,2018-07-05,HKDRUB_TOD,HKDRUB_TOD,7.666,7.666,7.666,7.666,1,7666.0,7.666
CETS,2018-07-06,HKDRUB_TOD,HKDRUB_TOD,0.0,0.0,0.0,0.0,0,0.0,
CETS,2018-07-09,HKDRUB_TOD,HKDRUB_TOD,0.0,0.0,0.0,0.0,0,0.0,
CETS,2018-07-10,HKDRUB_TOD,HKDRUB_TOD,0.0,0.0,0.0,0.0,0,0.0,
CETS,2018-07-11,HKDRUB_TOD,HKDRUB_TOD,0.0,0.0,0.0,0.0,0,0.0,
CETS,2018-07-12,HKDRUB_TOD,HKDRUB_TOD,0.0,0.0,0.0,0.0,0,0.0,
CETS,2018-07-13,HKDRUB_TOD,HKDRUB_TOD,0.0,0.0,0.0,0.0,0,0.0,
CETS,2018-07-16,HKDRUB_TOD,HKDRUB_TOD,0.0,0.0,0.0,0.0,0,0.0,
CETS,2018-07-17,HKDRUB_TOD,HKDRUB_TOD,0.0,0.0,0.0,0.0,0,0.0,
CETS,2018-07-18,HKDRUB_TOD,HKDRUB_TOD,0.0,0.0,0.0,0.0,0,0.0,
CETS,2018-07-19,HKDRUB_TOD,HKDRUB_TOD,0.0,0.0,0.0,0.0,0,0.0,
CETS,2018-07-20,HKDRUB_TOD,HKDRUB_TOD,0.0,0.0,0.0,0.0,0,0.0,
CETS,2018-07-23,HKDRUB_TOD,HKDRUB_TOD,0.0,0.0,0.0,0.0,0,0.0,
CETS,2018-07-24,HKDRUB_TOD,HKDRUB_TOD,0.0,0.0,0.0,0.0,0,0.0,
CETS,2018-07-25,HKDRUB_TOD,HKDRUB_TOD,0.0,0.0,0.0,0.0,0,0.0,
CETS,2018-07-26,HKDRUB_TOD,HKDRUB_TOD,0.0,0.0,0.0,0.0,0,0.0,
CETS,2018-07-27,HKDRUB_TOD,HKDRUB_TOD,0.0,0.0,0.0,0.0,0,0.0,
CETS,2018-07-30,HKDRUB_TOD,HKDRUB_TOD,0.0,0.0,0.0,0.0,0,0.0,
CETS,2018-07-31,HKDRUB_TOD,HKDRUB_TOD,0.0,0.0,0.0,0.0,0,0.0,
CETS,2018-08-01,HKDRUB_TOD,HKDRUB_TOD,0.0,0.0,0.0,0.0,0,0.0,
CETS,2018-08-02,HKDRUB_TOD,HKDRUB_TOD,0.0,0.0,0.0,0.0,0,0.0,
CETS,2018-08-03,HKDRUB_TOD,HKDRUB_TOD,0.0,0.0,0.0,0.0,0,0.0,
CETS,2018-08-06,HKDRUB_TOD,HKDRUB_TOD,0.0,0.0,0.0,0.0,0,0.0,
CETS,2018-08-07,HKDRUB_TOD,HKDRUB_TOD,0.0,0.0,0.0,0.0,0,0.0,
CETS,2018-08-08,HKDRUB_TOD,HKDRUB_TOD,0.0,0.0,0.0,0.0,0,0.0,
CETS,2018-08-09,HKDRUB_TOD,HKDRUB_TOD,0.0,0.0,0.0,0.0,0,0.0,
CETS,2018-08-10,HKDRUB_TOD,HKDRUB_TOD,0.0,0.0,0.0,0.0,0,0.0,
CETS,2018-08-13,HKDRUB_TOD,HKDRUB_TOD,0.0,0.0,0.0,0.0,0,0.0,
CETS,2018-08-14,HKDRUB_TOD,HKDRUB_TOD,0.0,0.0,0.0,0.0,0,0.0,
CETS,2018-08-15,HKDRUB_TOD,HKDRUB_TOD,0.0,0.0,0.0,0.0,0,0.0,
CETS,2018-08-16,HKDRUB_TOD,HKDRUB_TOD,0.0,0.0,0.0,0.0,0,0.0,
CETS,2018-08-17,HKDRUB_TOD,HKDRUB_TOD,0.0,0.0,0.0,0.0,0,0.0,
CETS,2018-08-20,HKDRUB_TOD,HKDRUB_TOD,0.0,0.0,0.0,0.0,0,0.0,
CETS,2018-08-21,HKDRUB_TOD,HKDRUB_TOD,0.0,0.0,0.0,0.0,0,0.0,
CETS,2018-08-22,HKDRUB_TOD,HKDRUB_TOD,0.0,0.0,0.0,0.0,0,0.0,
CETS,2018-08-23,HKDRUB_TOD,HKDRUB_TOD,0.0,0.0,0.0,0.0,0,0.0,
CETS,2018-08-24,HKDRUB_TOD,HKDRUB_TOD,0.0,0.0,0.0,0.0,0,0.0,
CETS,2018-08-27,HKDRUB_TOD,HKDRUB_TOD,0.0,0.0,0.0,0.0,0,0.0,
CETS,2018-08-28,HKDRUB_TOD,HKDRUB_TOD,0.0,0.0,0.0,0.0,0,0.0,
CETS,2018-08-29,HKDRUB_TOD,HKDRUB_TOD,0.0,0.0,0.0,0.0,0,0.0,
CETS,2018-08-30,HKDRUB_TOD,HKDRUB_TOD,0.0,0.0,0.0,0.0,0,0.0,
CETS,2018-08-31,HKDRUB_TOD,HKDRUB_TOD,0.0,0.0,0.0,0.0,0,0.0,
CETS,2018-09-03,HKDRUB_TOD,HKDRUB_TOD,0.0,0.0,0.0,0.0,0,0.0,
CETS,2018-09-04,HKDRUB_TOD,HKDRUB_TOD,0.0,0.0,0.0,0.0,0,0.0,
CETS,2018-09-05,HKDRUB_TOD,HKDRUB_TOD,0.0,0.0,0.0,0.0,0,0.0,
CETS,2018-09-06,HKDRUB_TOD,HKDRUB_TOD,0.0,0.0,0.0,0.0,0,0.0,
CETS,2018-09-07,HKDRUB_TOD,HKDRUB_TOD,0.0,0.0,0.0,0.0,0,0.0,
CETS,2018-09-10,HKDRUB_TOD,HKDRUB_TOD,0.0,0.0,0.0,0.0,0,0.0,
CETS,2018-09-11,HKDRUB_TOD,HKDRUB_TOD,0.0,0.0,0.0,0.0,0,0.0,
CETS,2018-09-12,HKDRUB_TOD,HKDRUB_TOD,0.0,0.0,0.0,0.0,0,0.0,
CETS,2018-09-13,HKDRUB_TOD,HKDRUB_TOD,0.0,0.0,0.0,0.0,0,0.0,
CETS,2018-09-14,HKDRUB_TOD,HKDRUB_TOD,0.0,0.0,0.0,0.0,0,0.0,
CETS,2018-09-17,HKDRUB_TOD,HKDRUB_TOD,0.0,0.0,0.0,0.0,0,0.0,
CETS,2018-09-18,HKDRUB_TOD,HKDRUB_TOD,0.0,0.0,0.0,0.0,0,0.0,
CETS,2018-09-19,HKDRUB_TOD,HKDRUB_TOD,0.0,0.0,0.0,0.0,0,0.0,
CETS,2018-09-20,HKDRUB_TOD,HKDRUB_TOD,0.0,0.0,0.0,0.0,0,0.0,
CETS,2018-09-21,HKDRUB_TOD,HKDRUB_TOD,0.0,0.0,0.0,0.0,0,0.0,
CETS,2018-09-24,HKDRUB_TOD,HKDRUB_TOD,0.0,0.0,0.0,0.0,0,0.0,
CETS,2018-09-25,HKDRUB_TOD,HKDRUB_TOD,0.0,0.0,0.0,0.0,0,0.0,
CETS,2018-09-26,HKDRUB_TOD,HKDRUB_TOD,0.0,0.0,0.0,0.0,0,0.0,
CETS,2018-09-27,HKDRUB_TOD,HKDRUB_TOD,0.0,0.0,0.0,0.0,0,0.0,
CETS,2018-09-28,HKDRUB_TOD,HKDRUB_TOD,0.0,0.0,0.0,0.0,0,0.0,
CETS,2018-10-01,HKDRUB_TOD,HKDRUB_TOD,0.0,0.0,0.0,0.0,0,0.0,
CETS,2018-10-02,HKDRUB_TOD,HKDRUB_TOD,0.0,0.0,0.0,0.0,0,0.0,
CETS,2018-10-03,HKDRUB_TOD,HKDRUB_TOD,0.0,0.0,0.0,0.0,0,0.0,
CETS,2018-10-04,HKDRUB_TOD,HKDRUB_TOD,0.0,0.0,0.0,0.0,0,0.0,
CETS,2018-10-05,HKDRUB_TOD,HKDRUB_TOD,0.0,0.0,0.0,0.0,0,0.0,
CETS,2018-10-08,HKDRUB_TOD,HKDRUB_TOD,0.0,0.0,0.0,0.0,0,0.0,
CETS,2018-10-09,HKDRUB_TOD,HKDRUB_TOD,0.0,0.0,0.0,0.0,0,0.0,
CETS,2018-10-10,HKDRUB_TOD,HKDRUB_TOD,0.0,0.0,0.0,0.0,0,0.0,
CETS,2018-10-11,HKDRUB_TOD,HKDRUB_TOD,0.0,0.0,0.0,0.0,0,0.0,
CETS,2018-10-12,HKDRUB_TOD,HKDRUB_TOD,0.0,0.0,0.0,0.0,0,0.0,
CETS,2018-10-15,HKDRUB_TOD,HKDRUB_TOD,0.0,0.0,0.0,0.0,0,0.0,
CETS,2018-10-16,HKDRUB_TOD,HKDRUB_TOD,8.38,8.38,8.38,8.38,1,838000.0,8.38
CETS,2018-10-17,HKDRUB_TOD,HKDRUB_TOD,0.0,0.0,0.0,0.0,0,0.0,
CETS,2018-10-18,HKDRUB_TOD,HKDRUB_TOD,0.0,0.0,0.0,0.0,0,0.0,
CETS,2018-10-19,HKDRUB_TOD,HKDRUB_TOD,0.0,0.0,0.0,0.0,0,0.0,
CETS,2018-10-22,HKDRUB_TOD,HKDRUB_TOD,0.0,0.0,0.0,0.0,0,0.0,
CETS,2018-10-23,HKDRUB_TOD,HKDRUB_TOD,0.0,0.0,0.0,0.0,0,0.0,
CETS,2018-10-24,HKDRUB_TOD,HKDRUB_TOD,0.0,0.0,0.0,0.0,0,0.0,
CETS,2018-10-25,HKDRUB_TOD,HKDRUB_TOD,0.0,0.0,0.0,0.0,0,0.0,
CETS,2018-10-26,HKDRUB_TOD,HKDRUB_TOD,0.0,0.0,0.0,0.0,0,0.0,
CETS,2018-10-29,HKDRUB_TOD,HKDRUB_TOD,0.0,0.0,0.0,0.0,0,0.0,
CETS,2018-10-30,HKDRUB_TOD,HKDRUB_TOD,0.0,0.0,0.0,0.0,0,0.0,
CETS,2018-10-31,HKDRUB_TOD,HKDRUB_TOD,0.0,0.0,0.0,0.0,0,0.0,
CETS,2018-11-01,HKDRUB_TOD,HKDRUB_TOD,0.0,0.0,0.0,0.0,0,0.0,
CETS,2018-11-02,HKDRUB_TOD,HKDRUB_TOD,0.0,0.0,0.0,0.0,0,0.0,
CETS,2018-11-06,HKDRUB_TOD,HKDRUB_TOD,0.0,0.0,0.0,0.0,0,0.0,
CETS,2018-11-07,HKDRUB_TOD,HKDRUB_TOD,0.0,0.0,0.0,0.0,0,0.0,
CETS,2018-11-08,HKDRUB_TOD,HKDRUB_TOD,0.0,0.0,0.0,0.0,0,0.0,
CETS,2018-11-09,HKDRUB_TOD,HKDRUB_TOD,0.0,0.0,0.0,0.0,0,0.0,
CETS,2018-11-12,HKDRUB_TOD,HKDRUB_TOD,0.0,0.0,0.0,0.0,0,0.0,
CETS,2018-11-13,HKDRUB_TOD,HKDRUB_TOD,0.0,0.0,0.0,0.0,0,0.0,
CETS,2018-11-14,HKDRUB_TOD,HKDRUB_TOD,0.0,0.0,0.0,0.0,0,0.0,
CETS,2018-11-15,HKDRUB_TOD,HKDRUB_TOD,0.0,0.0,0.0,0.0,0,0.0,
CETS,2018-11-16,HKDRUB_TOD,HKDRUB_TOD,0.0,0.0,0.0,0.0,0,0.0,
CETS,2018-11-19,HKDRUB_TOD,HKDRUB_TOD,0.0,0.0,0.0,0.0,0,0.0,
CETS,2018-11-20,HKDRUB_TOD,HKDRUB_TOD,0.0,0.0,0.0,0.0,0,0.0,
CETS,2018-11-21,HKDRUB_TOD,HKDRUB_TOD,0.0,0.0,0.0,0.0,0,0.0,
CETS,2018-11-22,HKDRUB_TOD,HKDRUB_TOD,0.0,0.0,0.0,0.0,0,0.0,
CETS,2018-11-23,HKDRUB_TOD,HKDRUB_TOD,0.0,0.0,0.0,0.0,0,0.0,
CETS,2018-11-26,HKDRUB_TOD,HKDRUB_TOD,0.0,0.0,0.0,0.0,0,0.0,
CETS,2018-11-27,HKDRUB_TOD,HKDRUB_TOD,0.0,0.0,0.0,0.0,0,0.0,
CETS,2018-11-28,HKDRUB_TOD,HKDRUB_TOD,0.0,0.0,0.0,0.0,0,0.0,
CETS,2018-11-29,HKDRUB_TOD,HKDRUB_TOD,0.0,0.0,0.0,0.0,0,0.0,
CETS,2018-11-30,HKDRUB_TOD,HKDRUB_TOD,0.0,0.0,0.0,0.0,0,0.0,
CETS,2018-12-03,HKDRUB_TOD,HKDRUB_TOD,0.0,0.0,0.0,0.0,0,0.0,
CETS,2018-12-04,HKDRUB_TOD,HKDRUB_TOD,0.0,0.0,0.0,0.0,0,0.0,
CETS,2018-12-05,HKDRUB_TOD,HKDRUB_TOD,0.0,0.0,0.0,0.0,0,0.0,
CETS,2018-12-06,HKDRUB_TOD,HKDRUB_TOD,0.0,0.0,0.0,0.0,0,0.0,
CETS,2018-12-07,HKDRUB_TOD,HKDRUB_TOD,0.0,0.0,0.0,0.0,0,0.0,
CETS,2018-12-10,HKDRUB_TOD,HKDRUB_TOD,0.0,0.0,0.0,0.0,0,0.0,
CETS,2018-12-11,HKDRUB_TOD,HKDRUB_TOD,0.0,0.0,0.0,0.0,0,0.0,
CETS,2018-12-12,HKDRUB_TOD,HKDRUB_TOD,0.0,0.0,0.0,0.0,0,0.0,
CETS,2018-12-13,HKDRUB_TOD,HKDRUB_TOD,0.0,0.0,0.0,0.0,0,0.0,
CETS,2018-12-14,HKDRUB_TOD,HKDRUB_TOD,0.0,0.0,0.0,0.0,0,0.0,
CETS,2018-12-17,HKDRUB_TOD,HKDRUB_TOD,0.0,0.0,0.0,0.0,0,0.0,
CETS,2018-12-18,HKDRUB_TOD,HKDRUB_TOD,0.0,0.0,0.0,0.0,0,0.0,
CETS,2018-12-19,HKDRUB_TOD,HKDRUB_TOD,0.0,0.0,0.0,0.0,0,0.0,
CETS,2018-12-20,HKDRUB_TOD,HKDRUB_TOD,0.0,0.0,0.0,0.0,0,0.0,
CETS,2018-12-21,HKDRUB_TOD,HKDRUB_TOD,0.0,0.0,0.0,0.0,0,0.0,
CETS,2018-12-24,HKDRUB_TOD,HKDRUB_TOD,0.0,0.0,0.0,0.0,0,0.0,
CETS,2018-12-25,HKDRUB_TOD,HKDRUB_TOD,0.0,0.0,0.0,0.0,0,0.0,
CETS,2018-12-26,HKDRUB_TOD,HKDRUB_TOD,0.0,0.0,0.0,0.0,0,0.0,
CETS,2018-12-27,HKDRUB_TOD,HKDRUB_TOD,0.0,0.0,0.0,0.0,0,0.0,
CETS,2018-12-28,HKDRUB_TOD,HKDRUB_TOD,0.0,0.0,0.0,0.0,0,0.0,
CETS,2018-12-29,HKDRUB_TOD,HKDRUB_TOD,0.0,0.0,0.0,0.0,0,0.0,
CETS,2019-01-03,HKDRUB_TOD,HKDRUB_TOD,0.0,0.0,0.0,0.0,0,0.0,
CETS,2019-01-04,HKDRUB_TOD,HKDRUB_TOD,0.0,0.0,0.0,0.0,0,0.0,
CETS,2019-01-08,HKDRUB_TOD,HKDRUB_TOD,0.0,0.0,0.0,0.0,0,0.0,
CETS,2019-01-09,HKDRUB_TOD,HKDRUB_TOD,0.0,0.0,0.0,0.0,0,0.0,
CETS,2019-01-10,HKDRUB_TOD,HKDRUB_TOD,0.0,0.0,0.0,0.0,0,0.0,
CETS,2019-01-11,HKDRUB_TOD,HKDRUB_TOD,0.0,0.0,0.0,0.0,0,0.0,
CETS,2019-01-14,HKDRUB_TOD,HKDRUB_TOD,0.0,0.0,0.0,0.0,0,0.0,
CETS,2019-01-15,HKDRUB_TOD,HKDRUB_TOD,0.0,0.0,0.0,0.0,0,0.0,
CETS,2019-01-16,HKDRUB_TOD,HKDRUB_TOD,0.0,0.0,0.0,0.0,0,0.0,
CETS,2019-01-17,HKDRUB_TOD,HKDRUB_TOD,0.0,0.0,0.0,0.0,0,0.0,
CETS,2019-01-18,HKDRUB_TOD,HKDRUB_TOD,0.0,0.0,0.0,0.0,0,0.0,
CETS,2019-01-21,HKDRUB_TOD,HKDRUB_TOD,0.0,0.0,0.0,0.0,0,0.0,
CETS,2019-01-22,HKDRUB_TOD,HKDRUB_TOD,0.0,0.0,0.0,0.0,0,0.0,
CETS,2019-01-23,HKDRUB_TOD,HKDRUB_TOD,0.0,0.0,0.0,0.0,0,0.0,
CETS,2019-01-24,HKDRUB_TOD,HKDRUB_TOD,0.0,0.0,0.0,0.0,0,0.0,
CETS,2019-01-25,HKDRUB_TOD,HKDRUB_TOD,0.0,0.0,0.0,0.0,0,0.0,
CETS,2019-01-28,HKDRUB_TOD,HKDRUB_TOD,0.0,0.0,0.0,0.0,0,0.0,
CETS,2019-01-29,HKDRUB_TOD,HKDRUB_TOD,0.0,0.0,0.0,0.0,0,0.0,
CETS,2019-01-30,HKDRUB_TOD,HKDRUB_TOD,0.0,0.0,0.0,0.0,0,0.0,
CETS,2019-01-31,HKDRUB_TOD,HKDRUB_TOD,0.0,0.0,0.0,0.0,0,0.0,
CETS,2019-02-01,HKDRUB_TOD,HKDRUB_TOD,0.0,0.0,0.0,0.0,0,0.0,
CETS,2019-02-04,HKDRUB_TOD,HKDRUB_TOD,0.0,0.0,0.0,0.0,0,0.0,
CETS,2019-02-05,HKDRUB_TOD,HKDRUB_TOD,0.0,0.0,0.0,0.0,0,0.0,
CETS,2019-02-06,HKDRUB_TOD,HKDRUB_TOD,0.0,0.0,0.0,0.0,0,0.0,
CETS,2019-02-07,HKDRUB_TOD,HKDRUB_TOD,0.0,0.0,0.0,0.0,0,0.0,
CETS,2019-02-08,HKDRUB_TOD,HKDRUB_TOD,0.0,0.0,0.0,0.0,0,0.0,
CETS,2019-02-11,HKDRUB_TOD,HKDRUB_TOD,0.0,0.0,0.0,0.0,0,0.0,
CETS,2019-02-12,HKDRUB_TOD,HKDRUB_TOD,0.0,0.0,0.0,0.0,0,0.0,
CETS,2019-02-13,HKDRUB_TOD,HKDRUB_TOD,0.0,0.0,0.0,0.0,0,0.0,
CETS,2019-02-14,HKDRUB_TOD,HKDRUB_TOD,0.0,0.0,0.0,0.0,0,0.0,
CETS,2019-02-15,HKDRUB_TOD,HKDRUB_TOD,0.0,0.0,0.0,0.0,0,0.0,
CETS,2019-02-18,HKDRUB_TOD,HKDRUB_TOD,0.0,0.0,0.0,0.0,0,0.0,
CETS,2019-02-19,HKDRUB_TOD,HKDRUB_TOD,0.0,0.0,0.0,0.0,0,0.0,
CETS,2019-02-20,HKDRUB_TOD,HKDRUB_TOD,0.0,0.0,0.0,0.0,0,0.0,
CETS,2019-02-21,HKDRUB_TOD,HKDRUB_TOD,0.0,0.0,0.0,0.0,0,0.0,
CETS,2019-02-22,HKDRUB_TOD,HKDRUB_TOD,0.0,0.0,0.0,0.0,0,0.0,
CETS,2019-02-25,HKDRUB_TOD,HKDRUB_TOD,0.0,0.0,0.0,0.0,0,0.0,
CETS,2019-02-26,HKDRUB_TOD,HKDRUB_TOD,0.0,0.0,0.0,0.0,0,0.0,
CETS,2019-02-27,HKDRUB_TOD,HKDRUB_TOD,0.0,0.0,0.0,0.0,0,0.0,
CETS,2019-02-28,HKDRUB_TOD,HKDRUB_TOD,0.0,0.0,0.0,0.0,0,0.0,
CETS,2019-03-01,HKDRUB_TOD,HKDRUB_TOD,0.0,0.0,0.0,0.0,0,0.0,
CETS,2019-03-04,HKDRUB_TOD,HKDRUB_TOD,0.0,0.0,0.0,0.0,0,0.0,
CETS,2019-03-05,HKDRUB_TOD,HKDRUB_TOD,0.0,0.0,0.0,0.0,0,0.0,
CETS,2019-03-06,HKDRUB_TOD,HKDRUB_TOD,0.0,0.0,0.0,0.0,0,0.0,
CETS,2019-03-07,HKDRUB_TOD,HKDRUB_TOD,0.0,0.0,0.0,0.0,0,0.0,
CETS,2019-03-11,HKDRUB_TOD,HKDRUB_TOD,0.0,0.0,0.0,0.0,0,0.0,
CETS,2019-03-12,HKDRUB_TOD,HKDRUB_TOD,0.0,0.0,0.0,0.0,0,0.0,
CETS,2019-03-13,HKDRUB_TOD,HKDRUB_TOD,0.0,0.0,0.0,0.0,0,0.0,
CETS,2019-03-14,HKDRUB_TOD,HKDRUB_TOD,0.0,0.0,0.0,0.0,0,0.0,
CETS,2019-03-15,HKDRUB_TOD,HKDRUB_TOD,0.0,0.0,0.0,0.0,0,0.0,
CETS,2019-03-18,HKDRUB_TOD,HKDRUB_TOD,0.0,0.0,0.0,0.0,0,0.0,
CETS,2019-03-19,HKDRUB_TOD,HKDRUB_TOD,0.0,0.0,0.0,0.0,0,0.0,
CETS,2019-03-20,HKDRUB_TOD,HKDRUB_TOD,0.0,0.0,0.0,0.0,0,0.0,
CETS,2019-03-21,HKDRUB_TOD,HKDRUB_TOD,0.0,0.0,0.0,0.0,0,0.0,
CETS,2019-03-22,HKDRUB_TOD,HKDRUB_TOD,0.0,0.0,0.0,0.0,0,0.0,
CETS,2019-03-25,HKDRUB_TOD,HKDRUB_TOD,0.0,0.0,0.0,0.0,0,0.0,
CETS,2019-03-26,HKDRUB_TOD,HKDRUB_TOD,0.0,0.0,0.0,0.0,0,0.0,
CETS,2019-03-27,HKDRUB_TOD,HKDRUB_TOD,0.0,0.0,0.0,0.0,0,0.0,
CETS,2019-03-28,HKDRUB_TOD,HKDRUB_TOD,0.0,0.0,0.0,0.0,0,0.0,
CETS,2019-03-29,HKDRUB_TOD,HKDRUB_TOD,0.0,0.0,0.0,0.0,0,0.0,
CETS,2019-04-01,HKDRUB_TOD,HKDRUB_TOD,0.0,0.0,0.0,0.0,0,0.0,
CETS,2019-04-02,HKDRUB_TOD,HKDRUB_TOD,0.0,0.0,0.0,0.0,0,0.0,
CETS,2019-04-03,HKDRUB_TOD,HKDRUB_TOD,0.0,0.0,0.0,0.0,0,0.0,
CETS,2019-04-04,HKDRUB_TOD,HKDRUB_TOD,0.0,0.0,0.0,0.0,0,0.0,
CETS,2019-04-05,HKDRUB_TOD,HKDRUB_TOD,0.0,0.0,0.0,0.0,0,0.0,
CETS,2019-04-08,HKDRUB_TOD,HKDRUB_TOD,0.0,0.0,0.0,0.0,0,0.0,
CETS,2019-04-09,HKDRUB_TOD,HKDRUB_TOD,0.0,0.0,0.0,0.0,0,0.0,
CETS,2019-04-10,HKDRUB_TOD,HKDRUB_TOD,0.0,0.0,0.0,0.0,0,0.0,
CETS,2019-04-11,HKDRUB_TOD,HKDRUB_TOD,0.0,0.0,0.0,0.0,0,0.0,
CETS,2019-04-12,HKDRUB_TOD,HKDRUB_TOD,0.0,0.0,0.0,0.0,0,0.0,
CETS,2019-04-15,HKDRUB_TOD,HKDRUB_TOD,0.0,0.0,0.0,0.0,0,0.0,
CETS,2019-04-16,HKDRUB_TOD,HKDRUB_TOD,0.0,0.0,0.0,0.0,0,0.0,
CETS,2019-04-17,HKDRUB_TOD,HKDRUB_TOD,0.0,0.0,0.0,0.0,0,0.0,
CETS,2019-04-18,HKDRUB_TOD,HKDRUB_TOD,0.0,0.0,0.0,0.0,0,0.0,
CETS,2019-04-19,HKDRUB_TOD,HKDRUB_TOD,0.0,0.0,0.0,0.0,0,0.0,
CETS,2019-04-22,HKDRUB_TOD,HKDRUB_TOD,0.0,0.0,0.0,0.0,0,0.0,
CETS,2019-04-23,HKDRUB_TOD,HKDRUB_TOD,0.0,0.0,0.0,0.0,0,0.0,
CETS,2019-04-24,HKDRUB_TOD,HKDRUB_TOD,0.0,0.0,0.0,0.0,0,0.0,
CETS,2019-04-25,HKDRUB_TOD,HKDRUB_TOD,0.0,0.0,0.0,0.0,0,0.0,
CETS,2019-04-26,HKDRUB_TOD,HKDRUB_TOD,0.0,0.0,0.0,0.0,0,0.0,
CETS,2019-04-29,HKDRUB_TOD,HKDRUB_TOD,0.0,0.0,0.0,0.0,0,0.0,
CETS,2019-04-30,HKDRUB_TOD,HKDRUB_TOD,0.0,0.0,0.0,0.0,0,0.0,
CETS,2019-05-02,HKDRUB_TOD,HKDRUB_TOD,0.0,0.0,0.0,0.0,0,0.0,
CETS,2019-05-03,HKDRUB_TOD,HKDRUB_TOD,0.0,0.0,0.0,0.0,0,0.0,
CETS,2019-05-06,HKDRUB_TOD,HKDRUB_TOD,0.0,0.0,0.0,0.0,0,0.0,
CETS,2019-05-07,HKDRUB_TOD,HKDRUB_TOD,0.0,0.0,0.0,0.0,0,0.0,
CETS,2019-05-08,HKDRUB_TOD,HKDRUB_TOD,0.0,0.0,0.0,0.0,0,0.0,
CETS,2019-05-10,HKDRUB_TOD,HKDRUB_TOD,0.0,0.0,0.0,0.0,0,0.0,
CETS,2019-05-13,HKDRUB_TOD,HKDRUB_TOD,0.0,0.0,0.0,0.0,0,0.0,
CETS,2019-05-14,HKDRUB_TOD,HKDRUB_TOD,0.0,0.0,0.0,0.0,0,0.0,
CETS,2019-05-15,HKDRUB_TOD,HKDRUB_TOD,0.0,0.0,0.0,0.0,0,0.0,
CETS,2019-05-16,HKDRUB_TOD,HKDRUB_TOD,0.0,0.0,0.0,0.0,0,0.0,
CETS,2019-05-17,HKDRUB_TOD,HKDRUB_TOD,0.0,0.0,0.0,0.0,0,0.0,
CETS,2019-05-20,HKDRUB_TOD,HKDRUB_TOD,0.0,0.0,0.0,0.0,0,0.0,
CETS,2019-05-21,HKDRUB_TOD,HKDRUB_TOD,8.228,8.228,8.228,8.228,1,197472.0,8.228
CETS,2019-05-22,HKDRUB_TOD,HKDRUB_TOD,0.0,0.0,0.0,0.0,0,0.0,
CETS,2019-05-23,HKDRUB_TOD,HKDRUB_TOD,8.232,8.232,8.232,8.232,1,49392.0,8.232
CETS,2019-05-24,HKDRUB_TOD,HKDRUB_TOD,0.0,0.0,0.0,0.0,0,0.0,
CETS,2019-05-27,HKDRUB_TOD,HKDRUB_TOD,0.0,0.0,0.0,0.0,0,0.0,
CETS,2019-05-28,HKDRUB_TOD,HKDRUB_TOD,0.0,0.0,0.0,0.0,0,0.0,
CETS,2019-05-29,HKDRUB_TOD,HKDRUB_TOD,0.0,0.0,0.0,0.0,0,0.0,
CETS,2019-05-30,HKDRUB_TOD,HKDRUB_TOD,0.0,0.0,0.0,0.0,0,0.0,
CETS,2019-05-31,HKDRUB_TOD,HKDRUB_TOD,0.0,0.0,0.0,0.0,0,0.0,
CETS,2019-06-03,HKDRUB_TOD,HKDRUB_TOD,0.0,0.0,0.0,0.0,0,0.0,
CETS,2019-06-04,HKDRUB_TOD,HKDRUB_TOD,0.0,0.0,0.0,0.0,0,0.0,
CETS,2019-06-05,HKDRUB_TOD,HKDRUB_TOD,0.0,0.0,0.0,0.0,0,0.0,
CETS,2019-06-06,HKDRUB_TOD,HKDRUB_TOD,0.0,0.0,0.0,0.0,0,0.0,
CETS,2019-06-07,HKDRUB_TOD,HKDRUB_TOD,0.0,0.0,0.0,0.0,0,0.0,
CETS,2019-06-10,HKDRUB_TOD,HKDRUB_TOD,0.0,0.0,0.0,0.0,0,0.0,
CETS,2019-06-11,HKDRUB_TOD,HKDRUB_TOD,0.0,0.0,0.0,0.0,0,0.0,
CETS,2019-06-13,HKDRUB_TOD,HKDRUB_TOD,0.0,0.0,0.0,0.0,0,0.0,
CETS,2019-06-14,HKDRUB_TOD,HKDRUB_TOD,0.0,0.0,0.0,0.0,0,0.0,
CETS,2019-06-17,HKDRUB_TOD,HKDRUB_TOD,0.0,0.0,0.0,0.0,0,0.0,
CETS,2019-06-18,HKDRUB_TOD,HKDRUB_TOD,0.0,0.0,0.0,0.0,0,0.0,
CETS,2019-06-19,HKDRUB_TOD,HKDRUB_TOD,0.0,0.0,0.0,0.0,0,0.0,
CETS,2019-06-20,HKDRUB_TOD,HKDRUB_TOD,0.0,0.0,0.0,0.0,0,0.0,
CETS,2019-06-21,HKDRUB_TOD,HKDRUB_TOD,0.0,0.0,0.0,0.0,0,0.0,
CETS,2019-06-24,HKDRUB_TOD,HKDRUB_TOD,0.0,0.0,0.0,0.0,0,0.0,
CETS,2019-06-25,HKDRUB_TOD,HKDRUB_TOD,0.0,0.0,0.0,0.0,0,0.0,
CETS,2019-06-26,HKDRUB_TOD,HKDRUB_TOD,0.0,0.0,0.0,0.0,0,0.0,
CETS,2019-06-27,HKDRUB_TOD,HKDRUB_TOD,0.0,0.0,0.0,0.0,0,0.0,
CETS,2019-06-28,HKDRUB_TOD,HKDRUB_TOD,0.0,0.0,0.0,0.0,0,0.0,
CETS,2019-07-01,HKDRUB_TOD,HKDRUB_TOD,0.0,0.0,0.0,0.0,0,0.0,
CETS,2019-07-02,HKDRUB_TOD,HKDRUB_TOD,0.0,0.0,0.0,0.0,0,0.0,
CETS,2019-07-03,HKDRUB_TOD,HKDRUB_TOD,0.0,0.0,0.0,0.0,0,0.0,
CETS,2019-07-04,HKDRUB_TOD,HKDRUB_TOD,0.0,0.0,0.0,0.0,0,0.0,
CETS,2019-07-05,HKDRUB_TOD,HKDRUB_TOD,0.0,0.0,0.0,0.0,0,0.0,
CETS,2019-07-08,HKDRUB_TOD,HKDRUB_TOD,0.0,0.0,0.0,0.0,0,0.0,
CETS,2019-07-09,HKDRUB_TOD,HKDRUB_TOD,0.0,0.0,0.0,0.0,0,0.0,
CETS,2019-07-10,HKDRUB_TOD,HKDRUB_TOD,0.0,0.0,0.0,0.0,0,0.0,
CETS,2019-07-11,HKDRUB_TOD,HKDRUB_TOD,0.0,0.0,0.0,0.0,0,0.0,
CETS,2019-07-12,HKDRUB_TOD,HKDRUB_TOD,0.0,0.0,0.0,0.0,0,0.0,
CETS,2019-07-15,HKDRUB_TOD,HKDRUB_TOD,0.0,0.0,0.0,0.0,0,0.0,
CETS,2019-07-16,HKDRUB_TOD,HKDRUB_TOD,0.0,0.0,0.0,0.0,0,0.0,
CETS,2019-07-17,HKDRUB_TOD,HKDRUB_TOD,0.0,0.0,0.0,0.0,0,0.0,
CETS,2019-07-18,HKDRUB_TOD,HKDRUB_TOD,0.0,0.0,0.0,0.0,0,0.0,
CETS,2019-07-19,HKDRUB_TOD,HKDRUB_TOD,0.0,0.0,0.0,0.0,0,0.0,
CETS,2019-07-22,HKDRUB_TOD,HKDRUB_TOD,0.0,0.0,0.0,0.0,0,0.0,
CETS,2019-07-23,HKDRUB_TOD,HKDRUB_TOD,0.0,0.0,0.0,0.0,0,0.0,
CETS,2019-07-24,HKDRUB_TOD,HKDRUB_TOD,0.0,0.0,0.0,0.0,0,0.0,
CETS,2019-07-25,HKDRUB_TOD,HKDRUB_TOD,0.0,0.0,0.0,0.0,0,0.0,
CETS,2019-07-26,HKDRUB_TOD,HKDRUB_TOD,0.0,0.0,0.0,0.0,0,0.0,
CETS,2019-07-29,HKDRUB_TOD,HKDRUB_TOD,0.0,0.0,0.0,0.0,0,0.0,
CETS,2019-07-30,HKDRUB_TOD,HKDRUB_TOD,0.0,0.0,0.0,0.0,0,0.0,
CETS,2019-07-31,HKDRUB_TOD,HKDRUB_TOD,0.0,0.0,0.0,0.0,0,0.0,
CETS,2019-08-01,HKDRUB_TOD,HKDRUB_TOD,0.0,0.0,0.0,0.0,0,0.0,
CETS,2019-08-02,HKDRUB_TOD,HKDRUB_TOD,0.0,0.0,0.0,0.0,0,0.0,
CETS,2019-08-05,HKDRUB_TOD,HKDRUB_TOD,0.0,0.0,0.0,0.0,0,0.0,
CETS,2019-08-06,HKDRUB_TOD,HKDRUB_TOD,0.0,0.0,0.0,0.0,0,0.0,
CETS,2019-08-07,HKDRUB_TOD,HKDRUB_TOD,0.0,0.0,0.0,0.0,0,0.0,
CETS,2019-08-08,HKDRUB_TOD,HKDRUB_TOD,0.0,0.0,0.0,0.0,0,0.0,
CETS,2019-08-09,HKDRUB_TOD,HKDRUB_TOD,0.0,0.0,0.0,0.0,0,0.0,
CETS,2019-08-12,HKDRUB_TOD,HKDRUB_TOD,0.0,0.0,0.0,0.0,0,0.0,
CETS,2019-08-13,HKDRUB_TOD,HKDRUB_TOD,0.0,0.0,0.0,0.0,0,0.0,
CETS,2019-08-14,HKDRUB_TOD,HKDRUB_TOD,0.0,0.0,0.0,0.0,0,0.0,
CETS,2019-08-15,HKDRUB_TOD,HKDRUB_TOD,0.0,0.0,0.0,0.0,0,0.0,
CETS,2019-08-16,HKDRUB_TOD,HKDRUB_TOD,0.0,0.0,0.0,0.0,0,0.0,
CETS,2019-08-19,HKDRUB_TOD,HKDRUB_TOD,8.474,8.474,8.474,8.474,1,110162.0,8.474
CETS,2019-08-20,HKDRUB_TOD,HKDRUB_TOD,0.0,0.0,0.0,0.0,0,0.0,
CETS,2019-08-21,HKDRUB_TOD,HKDRUB_TOD,0.0,0.0,0.0,0.0,0,0.0,
CETS,2019-08-22,HKDRUB_TOD,HKDRUB_TOD,0.0,0.0,0.0,0.0,0,0.0,
CETS,2019-08-23,HKDRUB_TOD,HKDRUB_TOD,0.0,0.0,0.0,0.0,0,0.0,
CETS,2019-08-26,HKDRUB_TOD,HKDRUB_TOD,0.0,0.0,0.0,0.0,0,0.0,
CETS,2019-08-27,HKDRUB_TOD,HKDRUB_TOD,0.0,0.0,0.0,0.0,0,0.0,
CETS,2019-08-28,HKDRUB_TOD,HKDRUB_TOD,0.0,0.0,0.0,0.0,0,0.0,
CETS,2019-08-29,HKDRUB_TOD,HKDRUB_TOD,0.0,0.0,0.0,0.0,0,0.0,
CETS,2019-08-30,HKDRUB_TOD,HKDRUB_TOD,0.0,0.0,0.0,0.0,0,0.0,
CETS,2019-09-02,HKDRUB_TOD,HKDRUB_TOD,0.0,0.0,0.0,0.0,0,0.0,
CETS,2019-09-03,HKDRUB_TOD,HKDRUB_TOD,0.0,0.0,0.0,0.0,0,0.0,
CETS,2019-09-04,HKDRUB_TOD,HKDRUB_TOD,0.0,0.0,0.0,0.0,0,0.0,
CETS,2019-09-05,HKDRUB_TOD,HKDRUB_TOD,0.0,0.0,0.0,0.0,0,0.0,
CETS,2019-09-06,HKDRUB_TOD,HKDRUB_TOD,0.0,0.0,0.0,0.0,0,0.0,
CETS,2019-09-09,HKDRUB_TOD,HKDRUB_TOD,0.0,0.0,0.0,0.0,0,0.0,
CETS,2019-09-10,HKDRUB_TOD,HKDRUB_TOD,0.0,0.0,0.0,0.0,0,0.0,
CETS,2019-09-11,HKDRUB_TOD,HKDRUB_TOD,0.0,0.0,0.0,0.0,0,0.0,
CETS,2019-09-12,HKDRUB_TOD,HKDRUB_TOD,0.0,0.0,0.0,0.0,0,0.0,
CETS,2019-09-13,HKDRUB_TOD,HKDRUB_TOD,0.0,0.0,0.0,0.0,0,0.0,
CETS,2019-09-16,HKDRUB_TOD,HKDRUB_TOD,0.0,0.0,0.0,0.0,0,0.0,
CETS,2019-09-17,HKDRUB_TOD,HKDRUB_TOD,0.0,0.0,0.0,0.0,0,0.0,
CETS,2019-09-18,HKDRUB_TOD,HKDRUB_TOD,0.0,0.0,0.0,0.0,0,0.0,
CETS,2019-09-19,HKDRUB_TOD,HKDRUB_TOD,0.0,0.0,0.0,0.0,0,0.0,
CETS,2019-09-20,HKDRUB_TOD,HKDRUB_TOD,0.0,0.0,0.0,0.0,0,0.0,
CETS,2019-09-23,HKDRUB_TOD,HKDRUB_TOD,0.0,0.0,0.0,0.0,0,0.0,
CETS,2019-09-24,HKDRUB_TOD,HKDRUB_TOD,0.0,0.0,0.0,0.0,0,0.0,
CETS,2019-09-25,HKDRUB_TOD,HKDRUB_TOD,8.189,8.189,8.189,8.189,1,212914.0,8.189
CETS,2019-09-26,HKDRUB_TOD,HKDRUB_TOD,0.0,0.0,0.0,0.0,0,0.0,
CETS,2019-09-27,HKDRUB_TOD,HKDRUB_TOD,0.0,0.0,0.0,0.0,0,0.0,
CETS,2019-09-30,HKDRUB_TOD,HKDRUB_TOD,8.254,8.254,8.254,8.254,1,107302.0,8.254
CETS,2019-10-01,HKDRUB_TOD,HKDRUB_TOD,0.0,0.0,0.0,0.0,0,0.0,
CETS,2019-10-02,HKDRUB_TOD,HKDRUB_TOD,0.0,0.0,0.0,0.0,0,0.0,
CETS,2019-10-03,HKDRUB_TOD,HKDRUB_TOD,0.0,0.0,0.0,0.0,0,0.0,
CETS,2019-10-04,HKDRUB_TOD,HKDRUB_TOD,0.0,0.0,0.0,0.0,0,0.0,
CETS,2019-10-07,HKDRUB_TOD,HKDRUB_TOD,0.0,0.0,0.0,0.0,0,0.0,
CETS,2019-10-08,HKDRUB_TOD,HKDRUB_TOD,8.284,8.284,8.284,8.284,1,414200.0,8.284
CETS,2019-10-09,HKDRUB_TOD,HKDRUB_TOD,0.0,0.0,0.0,0.0,0,0.0,
CETS,2019-10-10,HKDRUB_TOD,HKDRUB_TOD,0.0,0.0,0.0,0.0,0,0.0,
CETS,2019-10-11,HKDRUB_TOD,HKDRUB_TOD,0.0,0.0,0.0,0.0,0,0.0,
CETS,2019-10-14,HKDRUB_TOD,HKDRUB_TOD,0.0,0.0,0.0,0.0,0,0.0,
CETS,2019-10-15,HKDRUB_TOD,HKDRUB_TOD,0.0,0.0,0.0,0.0,0,0.0,
CETS,2019-10-16,HKDRUB_TOD,HKDRUB_TOD,0.0,0.0,0.0,0.0,0,0.0,
CETS,2019-10-17,HKDRUB_TOD,HKDRUB_TOD,0.0,0.0,0.0,0.0,0,0.0,
CETS,2019-10-18,HKDRUB_TOD,HKDRUB_TOD,0.0,0.0,0.0,0.0,0,0.0,
CETS,2019-10-21,HKDRUB_TOD,HKDRUB_TOD,0.0,0.0,0.0,0.0,0,0.0,
CETS,2019-10-22,HKDRUB_TOD,HKDRUB_TOD,0.0,0.0,0.0,0.0,0,0.0,
CETS,2019-10-23,HKDRUB_TOD,HKDRUB_TOD,0.0,0.0,0.0,0.0,0,0.0,
CETS,2019-10-24,HKDRUB_TOD,HKDRUB_TOD,0.0,0.0,0.0,0.0,0,0.0,
CETS,2019-10-25,HKDRUB_TOD,HKDRUB_TOD,0.0,0.0,0.0,0.0,0,0.0,
CETS,2019-10-28,HKDRUB_TOD,HKDRUB_TOD,0.0,0.0,0.0,0.0,0,0.0,
CETS,2019-10-29,HKDRUB_TOD,HKDRUB_TOD,0.0,0.0,0.0,0.0,0,0.0,
CETS,2019-10-30,HKDRUB_TOD,HKDRUB_TOD,0.0,0.0,0.0,0.0,0,0.0,
CETS,2019-10-31,HKDRUB_TOD,HKDRUB_TOD,0.0,0.0,0.0,0.0,0,0.0,
CETS,2019-11-01,HKDRUB_TOD,HKDRUB_TOD,0.0,0.0,0.0,0.0,0,0.0,
CETS,2019-11-05,HKDRUB_TOD,HKDRUB_TOD,0.0,0.0,0.0,0.0,0,0.0,
CETS,2019-11-06,HKDRUB_TOD,HKDRUB_TOD,0.0,0.0,0.0,0.0,0,0.0,
CETS,2019-11-07,HKDRUB_TOD,HKDRUB_TOD,0.0,0.0,0.0,0.0,0,0.0,
CETS,2019-11-08,HKDRUB_TOD,HKDRUB_TOD,0.0,0.0,0.0,0.0,0,0.0,
CETS,2019-11-11,HKDRUB_TOD,HKDRUB_TOD,0.0,0.0,0.0,0.0,0,0.0,
CETS,2019-11-12,HKDRUB_TOD,HKDRUB_TOD,0.0,0.0,0.0,0.0,0,0.0,
CETS,2019-11-13,HKDRUB_TOD,HKDRUB_TOD,8.212,8.212,8.212,8.212,1,821200.0,8.212
CETS,2019-11-14,HKDRUB_TOD,HKDRUB_TOD,0.0,0.0,0.0,0.0,0,0.0,
CETS,2019-11-15,HKDRUB_TOD,HKDRUB_TOD,0.0,0.0,0.0,0.0,0,0.0,
CETS,2019-11-18,HKDRUB_TOD,HKDRUB_TOD,0.0,0.0,0.0,0.0,0,0.0,
CETS,2019-11-19,HKDRUB_TOD,HKDRUB_TOD,0.0,0.0,0.0,0.0,0,0.0,
CETS,2019-11-20,HKDRUB_TOD,HKDRUB_TOD,0.0,0.0,0.0,0.0,0,0.0,
CETS,2019-11-21,HKDRUB_TOD,HKDRUB_TOD,0.0,0.0,0.0,0.0,0,0.0,
CETS,2019-11-22,HKDRUB_TOD,HKDRUB_TOD,0.0,0.0,0.0,0.0,0,0.0,
CETS,2019-11-25,HKDRUB_TOD,HKDRUB_TOD,0.0,0.0,0.0,0.0,0,0.0,
CETS,2019-11-26,HKDRUB_TOD,HKDRUB_TOD,0.0,0.0,0.0,0.0,0,0.0,
CETS,2019-11-27,HKDRUB_TOD,HKDRUB_TOD,8.186,8.186,8.186,8.186,1,212836.0,8.186
CETS,2019-11-28,HKDRUB_TOD,HKDRUB_TOD,0.0,0.0,0.0,0.0,0,0.0,
CETS,2019-11-29,HKDRUB_TOD,HKDRUB_TOD,0.0,0.0,0.0,0.0,0,0.0,
CETS,2019-12-02,HKDRUB_TOD,HKDRUB_TOD,0.0,0.0,0.0,0.0,0,0.0,
CETS,2019-12-03,HKDRUB_TOD,HKDRUB_TOD,0.0,0.0,0.0,0.0,0,0.0,
CETS,2019-12-04,HKDRUB_TOD,HKDRUB_TOD,8.219,8.219,8.219,8.219,1,57533.0,8.219
CETS,2019-12-05,HKDRUB_TOD,HKDRUB_TOD,0.0,0.0,0.0,0.0,0,0.0,
CETS,2019-12-06,HKDRUB_TOD,HKDRUB_TOD,0.0,0.0,0.0,0.0,0,0.0,
CETS,2019-12-09,HKDRUB_TOD,HKDRUB_TOD,8.158,8.158,8.158,8.158,1,48948.0,8.158
CETS,2019-12-10,HKDRUB_TOD,HKDRUB_TOD,8.139,8.139,8.139,8.139,1,81390.0,8.139
CETS,2019-12-11,HKDRUB_TOD,HKDRUB_TOD,0.0,0.0,0.0,0.0,0,0.0,
CETS,2019-12-12,HKDRUB_TOD,HKDRUB_TOD,0.0,0.0,0.0,0.0,0,0.0,
CETS,2019-12-13,HKDRUB_TOD,HKDRUB_TOD,0.0,0.0,0.0,0.0,0,0.0,
CETS,2019-12-16,HKDRUB_TOD,HKDRUB_TOD,0.0,0.0,0.0,0.0,0,0.0,
CETS,2019-12-17,HKDRUB_TOD,HKDRUB_TOD,0.0,0.0,0.0,0.0,0,0.0,
CETS,2019-12-18,HKDRUB_TOD,HKDRUB_TOD,8.05,8.05,8.05,8.05,1,136850.0,8.05
CETS,2019-12-19,HKDRUB_TOD,HKDRUB_TOD,0.0,0.0,0.0,0.0,0,0.0,
CETS,2019-12-20,HKDRUB_TOD,HKDRUB_TOD,0.0,0.0,0.0,0.0,0,0.0,
CETS,2019-12-23,HKDRUB_TOD,HKDRUB_TOD,0.0,0.0,0.0,0.0,0,0.0,
CETS,2019-12-24,HKDRUB_TOD,HKDRUB_TOD,0.0,0.0,0.0,0.0,0,0.0,
CETS,2019-12-25,HKDRUB_TOD,HKDRUB_TOD,0.0,0.0,0.0,0.0,0,0.0,
CETS,2019-12-26,HKDRUB_TOD,HKDRUB_TOD,0.0,0.0,0.0,0.0,0,0.0,
CETS,2019-12-27,HKDRUB_TOD,HKDRUB_TOD,0.0,0.0,0.0,0.0,0,0.0,
CETS,2019-12-30,HKDRUB_TOD,HKDRUB_TOD,0.0,0.0,0.0,0.0,0,0.0,
CETS,2020-01-03,HKDRUB_TOD,HKDRUB_TOD,0.0,0.0,0.0,0.0,0,0.0,
CETS,2020-01-06,HKDRUB_TOD,HKDRUB_TOD,0.0,0.0,0.0,0.0,0,0.0,
CETS,2020-01-08,HKDRUB_TOD,HKDRUB_TOD,0.0,0.0,0.0,0.0,0,0.0,
CETS,2020-01-09,HKDRUB_TOD,HKDRUB_TOD,0.0,0.0,0.0,0.0,0,0.0,
CETS,2020-01-10,HKDRUB_TOD,HKDRUB_TOD,0.0,0.0,0.0,0.0,0,0.0,
CETS,2020-01-13,HKDRUB_TOD,HKDRUB_TOD,7.866,7.866,7.866,7.866,1,133722.0,7.866
CETS,2020-01-14,HKDRUB_TOD,HKDRUB_TOD,0.0,0.0,0.0,0.0,0,0.0,
CETS,2020-01-15,HKDRUB_TOD,HKDRUB_TOD,0.0,0.0,0.0,0.0,0,0.0,
CETS,2020-01-16,HKDRUB_TOD,HKDRUB_TOD,7.925,7.925,7.925,7.925,1,63400.0,7.925
CETS,2020-01-17,HKDRUB_TOD,HKDRUB_TOD,0.0,0.0,0.0,0.0,0,0.0,
CETS,2020-01-20,HKDRUB_TOD,HKDRUB_TOD,0.0,0.0,0.0,0.0,0,0.0,
CETS,2020-01-21,HKDRUB_TOD,HKDRUB_TOD,7.972,7.972,7.972,7.972,1,446432.0,7.972
CETS,2020-01-22,HKDRUB_TOD,HKDRUB_TOD,0.0,0.0,0.0,0.0,0,0.0,
CETS,2020-01-23,HKDRUB_TOD,HKDRUB_TOD,0.0,0.0,0.0,0.0,0,0.0,
CETS,2020-01-24,HKDRUB_TOD,HKDRUB_TOD,7.973,7.973,7.973,7.973,1,71757.0,7.973
CETS,2020-01-27,HKDRUB_TOD,HKDRUB_TOD,0.0,0.0,0.0,0.0,0,0.0,
CETS,2020-01-28,HKDRUB_TOD,HKDRUB_TOD,0.0,0.0,0.0,0.0,0,0.0,
CETS,2020-01-29,HKDRUB_TOD,HKDRUB_TOD,8.041,8.041,8.041,8.041,1,273394.0,8.041
CETS,2020-01-30,HKDRUB_TOD,HKDRUB_TOD,0.0,0.0,0.0,0.0,0,0.0,
CETS,2020-01-31,HKDRUB_TOD,HKDRUB_TOD,0.0,0.0,0.0,0.0,0,0.0,
CETS,2020-02-03,HKDRUB_TOD,HKDRUB_TOD,0.0,0.0,0.0,0.0,0,0.0,
CETS,2020-02-04,HKDRUB_TOD,HKDRUB_TOD,0.0,0.0,0.0,0.0,0,0.0,
CETS,2020-02-05,HKDRUB_TOD,HKDRUB_TOD,0.0,0.0,0.0,0.0,0,0.0,
CETS,2020-02-06,HKDRUB_TOD,HKDRUB_TOD,0.0,0.0,0.0,0.0,0,0.0,
CETS,2020-02-07,HKDRUB_TOD,HKDRUB_TOD,8.181,8.181,8.181,8.181,1,130896.0,8.181
CETS,2020-02-10,HKDRUB_TOD,HKDRUB_TOD,8.235,8.235,8.244,8.244,2,214254.0,8.2405
CETS,2020-02-11,HKDRUB_TOD,HKDRUB_TOD,0.0,0.0,0.0,0.0,0,0.0,
CETS,2020-02-12,HKDRUB_TOD,HKDRUB_TOD,0.0,0.0,0.0,0.0,0,0.0,
CETS,2020-02-13,HKDRUB_TOD,HKDRUB_TOD,0.0,0.0,0.0,0.0,0,0.0,
CETS,2020-02-14,HKDRUB_TOD,HKDRUB_TOD,0.0,0.0,0.0,0.0,0,0.0,
CETS,2020-02-17,HKDRUB_TOD,HKDRUB_TOD,0.0,0.0,0.0,0.0,0,0.0,
CETS,2020-02-18,HKDRUB_TOD,HKDRUB_TOD,0.0,0.0,0.0,0.0,0,0.0,
CETS,2020-02-19,HKDRUB_TOD,HKDRUB_TOD,0.0,0.0,0.0,0.0,0,0.0,
CETS,2020-02-20,HKDRUB_TOD,HKDRUB_TOD,0.0,0.0,0.0,0.0,0,0.0,
CETS,2020-02-21,HKDRUB_TOD,HKDRUB_TOD,0.0,0.0,0.0,0.0,0,0.0,
CETS,2020-02-25,HKDRUB_TOD,HKDRUB_TOD,0.0,0.0,0.0,0.0,0,0.0,
CETS,2020-02-26,HKDRUB_TOD,HKDRUB_TOD,0.0,0.0,0.0,0.0,0,0.0,
CETS,2020-02-27,HKDRUB_TOD,HKDRUB_TOD,0.0,0.0,0.0,0.0,0,0.0,
CETS,2020-02-28,HKDRUB_TOD,HKDRUB_TOD,0.0,0.0,0.0,0.0,0,0.0,
CETS,2020-03-02,HKDRUB_TOD,HKDRUB_TOD,0.0,0.0,0.0,0.0,0,0.0,
CETS,2020-03-03,HKDRUB_TOD,HKDRUB_TOD,0.0,0.0,0.0,0.0,0,0.0,
CETS,2020-03-04,HKDRUB_TOD,HKDRUB_TOD,0.0,0.0,0.0,0.0,0,0.0,
CETS,2020-03-05,HKDRUB_TOD,HKDRUB_TOD,0.0,0.0,0.0,0.0,0,0.0,
CETS,2020-03-06,HKDRUB_TOD,HKDRUB_TOD,0.0,0.0,0.0,0.0,0,0.0,
CETS,2020-03-10,HKDRUB_TOD,HKDRUB_TOD,0.0,0.0,0.0,0.0,0,0.0,
CETS,2020-03-11,HKDRUB_TOD,HKDRUB_TOD,0.0,0.0,0.0,0.0,0,0.0,
CETS,2020-03-12,HKDRUB_TOD,HKDRUB_TOD,9.531,9.531,9.531,9.531,1,247806.0,9.531
CETS,2020-03-13,HKDRUB_TOD,HKDRUB_TOD,0.0,0.0,0.0,0.0,0,0.0,
CETS,2020-03-16,HKDRUB_TOD,HKDRUB_TOD,0.0,0.0,0.0,0.0,0,0.0,
CETS,2020-03-17,HKDRUB_TOD,HKDRUB_TOD,0.0,0.0,0.0,0.0,0,0.0,
CETS,2020-03-18,HKDRUB_TOD,HKDRUB_TOD,0.0,0.0,0.0,0.0,0,0.0,
CETS,2020-03-19,HKDRUB_TOD,HKDRUB_TOD,0.0,0.0,0.0,0.0,0,0.0,
CETS,2020-03-20,HKDRUB_TOD,HKDRUB_TOD,0.0,0.0,0.0,0.0,0,0.0,
CETS,2020-03-23,HKDRUB_TOD,HKDRUB_TOD,0.0,0.0,0.0,0.0,0,0.0,
CETS,2020-03-24,HKDRUB_TOD,HKDRUB_TOD,0.0,0.0,0.0,0.0,0,0.0,
CETS,2020-03-25,HKDRUB_TOD,HKDRUB_TOD,0.0,0.0,0.0,0.0,0,0.0,
CETS,2020-03-26,HKDRUB_TOD,HKDRUB_TOD,0.0,0.0,0.0,0.0,0,0.0,
CETS,2020-03-27,HKDRUB_TOD,HKDRUB_TOD,0.0,0.0,0.0,0.0,0,0.0,
CETS,2020-03-30,HKDRUB_TOD,HKDRUB_TOD,0.0,0.0,0.0,0.0,0,0.0,
CETS,2020-03-31,HKDRUB_TOD,HKDRUB_TOD,0.0,0.0,0.0,0.0,0,0.0,
CETS,2020-04-01,HKDRUB_TOD,HKDRUB_TOD,10.171,10.171,10.171,10.171,1,20342.0,10.171
CETS,2020-04-02,HKDRUB_TOD,HKDRUB_TOD,10.058,10.058,10.058,10.058,1,281624.0,10.058
CETS,2020-04-03,HKDRUB_TOD,HKDRUB_TOD,0.0,0.0,0.0,0.0,0,0.0,
CETS,2020-04-06,HKDRUB_TOD,HKDRUB_TOD,0.0,0.0,0.0,0.0,0,0.0,
CETS,2020-04-07,HKDRUB_TOD,HKDRUB_TOD,0.0,0.0,0.0,0.0,0,0.0,
CETS,2020-04-08,HKDRUB_TOD,HKDRUB_TOD,0.0,0.0,0.0,0.0,0,0.0,
CETS,2020-04-09,HKDRUB_TOD,HKDRUB_TOD,0.0,0.0,0.0,0.0,0,0.0,
CETS,2020-04-10,HKDRUB_TOD,HKDRUB_TOD,0.0,0.0,0.0,0.0,0,0.0,
CETS,2020-04-13,HKDRUB_TOD,HKDRUB_TOD,0.0,0.0,0.0,0.0,0,0.0,
CETS,2020-04-14,HKDRUB_TOD,HKDRUB_TOD,0.0,0.0,0.0,0.0,0,0.0,
CETS,2020-04-15,HKDRUB_TOD,HKDRUB_TOD,0.0,0.0,0.0,0.0,0,0.0,
CETS,2020-04-16,HKDRUB_TOD,HKDRUB_TOD,0.0,0.0,0.0,0.0,0,0.0,
CETS,2020-04-17,HKDRUB_TOD,HKDRUB_TOD,0.0,0.0,0.0,0.0,0,0.0,
CETS,2020-04-20,HKDRUB_TOD,HKDRUB_TOD,0.0,0.0,0.0,0.0,0,0.0,
CETS,2020-04-21,HKDRUB_TOD,HKDRUB_TOD,0.0,0.0,0.0,0.0,0,0.0,
CETS,2020-04-22,HKDRUB_TOD,HKDRUB_TOD,0.0,0.0,0.0,0.0,0,0.0,
CETS,2020-04-23,HKDRUB_TOD,HKDRUB_TOD,0.0,0.0,0.0,0.0,0,0.0,
CETS,2020-04-24,HKDRUB_TOD,HKDRUB_TOD,0.0,0.0,0.0,0.0,0,0.0,
CETS,2020-04-27,HKDRUB_TOD,HKDRUB_TOD,0.0,0.0,0.0,0.0,0,0.0,
CETS,2020-04-28,HKDRUB_TOD,HKDRUB_TOD,0.0,0.0,0.0,0.0,0,0.0,
CETS,2020-04-29,HKDRUB_TOD,HKDRUB_TOD,0.0,0.0,0.0,0.0,0,0.0,
CETS,2020-04-30,HKDRUB_TOD,HKDRUB_TOD,0.0,0.0,0.0,0.0,0,0.0,
CETS,2020-05-04,HKDRUB_TOD,HKDRUB_TOD,0.0,0.0,0.0,0.0,0,0.0,
CETS,2020-05-05,HKDRUB_TOD,HKDRUB_TOD,0.0,0.0,0.0,0.0,0,0.0,
CETS,2020-05-06,HKDRUB_TOD,HKDRUB_TOD,0.0,0.0,0.0,0.0,0,0.0,
CETS,2020-05-07,HKDRUB_TOD,HKDRUB_TOD,0.0,0.0,0.0,0.0,0,0.0,
CETS,2020-05-08,HKDRUB_TOD,HKDRUB_TOD,0.0,0.0,0.0,0.0,0,0.0,
CETS,2020-05-12,HKDRUB_TOD,HKDRUB_TOD,0.0,0.0,0.0,0.0,0,0.0,
CETS,2020-05-13,HKDRUB_TOD,HKDRUB_TOD,9.8984,9.8984,9.8984,9.8984,1,39593.6,9.8984
CETS,2020-05-14,HKDRUB_TOD,HKDRUB_TOD,0.0,0.0,0.0,0.0,0,0.0,
CETS,2020-05-15,HKDRUB_TOD,HKDRUB_TOD,9.1804,9.1804,9.1804,9.1804,1,9180.4,9.1804
CETS,2020-05-18,HKDRUB_TOD,HKDRUB_TOD,0.0,0.0,0.0,0.0,0,0.0,
CETS,2020-05-19,HKDRUB_TOD,HKDRUB_TOD,0.0,0.0,0.0,0.0,0,0.0,
CETS,2020-05-20,HKDRUB_TOD,HKDRUB_TOD,0.0,0.0,0.0,0.0,0,0.0,
CETS,2020-05-21,HKDRUB_TOD,HKDRUB_TOD,0.0,0.0,0.0,0.0,0,0.0,
CETS,2020-05-22,HKDRUB_TOD,HKDRUB_TOD,0.0,0.0,0.0,0.0,0,0.0,
CETS,2020-05-25,HKDRUB_TOD,HKDRUB_TOD,0.0,0.0,0.0,0.0,0,0.0,
CETS,2020-05-26,HKDRUB_TOD,HKDRUB_TOD,0.0,0.0,0.0,0.0,0,0.0,
CETS,2020-05-27,HKDRUB_TOD,HKDRUB_TOD,9.4661,9.4661,9.4661,9.4661,1,37864.4,9.4661
CETS,2020-05-28,HKDRUB_TOD,HKDRUB_TOD,8.8889,8.8889,8.8889,8.8889,1,17777.8,8.8889
CETS,2020-05-29,HKDRUB_TOD,HKDRUB_TOD,0.0,0.0,0.0,0.0,0,0.0,
CETS,2020-06-01,HKDRUB_TOD,HKDRUB_TOD,0.0,0.0,0.0,0.0,0,0.0,
CETS,2020-06-02,HKDRUB_TOD,HKDRUB_TOD,0.0,0.0,0.0,0.0,0,0.0,
CETS,2020-06-03,HKDRUB_TOD,HKDRUB_TOD,0.0,0.0,0.0,0.0,0,0.0,
CETS,2020-06-04,HKDRUB_TOD,HKDRUB_TOD,0.0,0.0,0.0,0.0,0,0.0,
CETS,2020-06-05,HKDRUB_TOD,HKDRUB_TOD,0.0,0.0,0.0,0.0,0,0.0,
CETS,2020-06-08,HKDRUB_TOD,HKDRUB_TOD,0.0,0.0,0.0,0.0,0,0.0,
CETS,2020-06-09,HKDRUB_TOD,HKDRUB_TOD,9.3524,9.3524,9.3524,9.3524,1,177695.6,9.3524
CETS,2020-06-10,HKDRUB_TOD,HKDRUB_TOD,0.0,0.0,0.0,0.0,0,0.0,
CETS,2020-06-11,HKDRUB_TOD,HKDRUB_TOD,0.0,0.0,0.0,0.0,0,0.0,
CETS,2020-06-15,HKDRUB_TOD,HKDRUB_TOD,0.0,0.0,0.0,0.0,0,0.0,
CETS,2020-06-16,HKDRUB_TOD,HKDRUB_TOD,0.0,0.0,0.0,0.0,0,0.0,
CETS,2020-06-17,HKDRUB_TOD,HKDRUB_TOD,8.6288,8.6288,8.6288,8.6288,1,8628.8,8.6288
CETS,2020-06-18,HKDRUB_TOD,HKDRUB_TOD,0.0,0.0,0.0,0.0,0,0.0,
CETS,2020-06-19,HKDRUB_TOD,HKDRUB_TOD,0.0,0.0,0.0,0.0,0,0.0,
CETS,2020-06-22,HKDRUB_TOD,HKDRUB_TOD,0.0,0.0,0.0,0.0,0,0.0,
CETS,2020-06-23,HKDRUB_TOD,HKDRUB_TOD,0.0,0.0,0.0,0.0,0,0.0,
CETS,2020-06-25,HKDRUB_TOD,HKDRUB_TOD,0.0,0.0,0.0,0.0,0,0.0,
CETS,2020-06-26,HKDRUB_TOD,HKDRUB_TOD,0.0,0.0,0.0,0.0,0,0.0,
CETS,2020-06-29,HKDRUB_TOD,HKDRUB_TOD,0.0,0.0,0.0,0.0,0,0.0,
CETS,2020-06-30,HKDRUB_TOD,HKDRUB_TOD,0.0,0.0,0.0,0.0,0,0.0,
CETS,2020-07-02,HKDRUB_TOD,HKDRUB_TOD,0.0,0.0,0.0,0.0,0,0.0,
CETS,2020-07-03,HKDRUB_TOD,HKDRUB_TOD,0.0,0.0,0.0,0.0,0,0.0,
CETS,2020-07-06,HKDRUB_TOD,HKDRUB_TOD,0.0,0.0,0.0,0.0,0,0.0,
CETS,2020-07-07,HKDRUB_TOD,HKDRUB_TOD,0.0,0.0,0.0,0.0,0,0.0,
CETS,2020-07-08,HKDRUB_TOD,HKDRUB_TOD,0.0,0.0,0.0,0.0,0,0.0,
CETS,2020-07-09,HKDRUB_TOD,HKDRUB_TOD,0.0,0.0,0.0,0.0,0,0.0,
CETS,2020-07-10,HKDRUB_TOD,HKDRUB_TOD,0.0,0.0,0.0,0.0,0,0.0,
CETS,2020-07-13,HKDRUB_TOD,HKDRUB_TOD,0.0,0.0,0.0,0.0,0,0.0,
CETS,2020-07-14,HKDRUB_TOD,HKDRUB_TOD,0.0,0.0,0.0,0.0,0,0.0,
CETS,2020-07-15,HKDRUB_TOD,HKDRUB_TOD,0.0,0.0,0.0,0.0,0,0.0,
CETS,2020-07-16,HKDRUB_TOD,HKDRUB_TOD,0.0,0.0,0.0,0.0,0,0.0,
CETS,2020-07-17,HKDRUB_TOD,HKDRUB_TOD,8.9456,8.9456,8.9456,8.9456,1,8945.6,8.9456
CETS,2020-07-20,HKDRUB_TOD,HKDRUB_TOD,0.0,0.0,0.0,0.0,0,0.0,
CETS,2020-07-21,HKDRUB_TOD,HKDRUB_TOD,0.0,0.0,0.0,0.0,0,0.0,
CETS,2020-07-22,HKDRUB_TOD,HKDRUB_TOD,0.0,0.0,0.0,0.0,0,0.0,
CETS,2020-07-23,HKDRUB_TOD,HKDRUB_TOD,0.0,0.0,0.0,0.0,0,0.0,
CETS,2020-07-24,HKDRUB_TOD,HKDRUB_TOD,0.0,0.0,0.0,0.0,0,0.0,
CETS,2020-07-27,HKDRUB_TOD,HKDRUB_TOD,0.0,0.0,0.0,0.0,0,0.0,
CETS,2020-07-28,HKDRUB_TOD,HKDRUB_TOD,0.0,0.0,0.0,0.0,0,0.0,
CETS,2020-07-29,HKDRUB_TOD,HKDRUB_TOD,0.0,0.0,0.0,0.0,0,0.0,
CETS,2020-07-30,HKDRUB_TOD,HKDRUB_TOD,0.0,0.0,0.0,0.0,0,0.0,
CETS,2020-07-31,HKDRUB_TOD,HKDRUB_TOD,0.0,0.0,0.0,0.0,0,0.0,
CETS,2020-08-03,HKDRUB_TOD,HKDRUB_TOD,0.0,0.0,0.0,0.0,0,0.0,
CETS,2020-08-04,HKDRUB_TOD,HKDRUB_TOD,0.0,0.0,0.0,0.0,0,0.0,
CETS,2020-08-05,HKDRUB_TOD,HKDRUB_TOD,0.0,0.0,0.0,0.0,0,0.0,
CETS,2020-08-06,HKDRUB_TOD,HKDRUB_TOD,0.0,0.0,0.0,0.0,0,0.0,
CETS,2020-08-07,HKDRUB_TOD,HKDRUB_TOD,0.0,0.0,0.0,0.0,0,0.0,
CETS,2020-08-10,HKDRUB_TOD,HKDRUB_TOD,0.0,0.0,0.0,0.0,0,0.0,
CETS,2020-08-11,HKDRUB_TOD,HKDRUB_TOD,0.0,0.0,0.0,0.0,0,0.0,
CETS,2020-08-12,HKDRUB_TOD,HKDRUB_TOD,0.0,0.0,0.0,0.0,0,0.0,
CETS,2020-08-13,HKDRUB_TOD,HKDRUB_TOD,0.0,0.0,0.0,0.0,0,0.0,
CETS,2020-08-14,HKDRUB_TOD,HKDRUB_TOD,0.0,0.0,0.0,0.0,0,0.0,
CETS,2020-08-17,HKDRUB_TOD,HKDRUB_TOD,0.0,0.0,0.0,0.0,0,0.0,
CETS,2020-08-18,HKDRUB_TOD,HKDRUB_TOD,0.0,0.0,0.0,0.0,0,0.0,
CETS,2020-08-19,HKDRUB_TOD,HKDRUB_TOD,0.0,0.0,0.0,0.0,0,0.0,
CETS,2020-08-20,HKDRUB_TOD,HKDRUB_TOD,0.0,0.0,0.0,0.0,0,0.0,
CETS,2020-08-21,HKDRUB_TOD,HKDRUB_TOD,0.0,0.0,0.0,0.0,0,0.0,
CETS,2020-08-24,HKDRUB_TOD,HKDRUB_TOD,0.0,0.0,0.0,0.0,0,0.0,
CETS,2020-08-25,HKDRUB_TOD,HKDRUB_TOD,0.0,0.0,0.0,0.0,0,0.0,
CETS,2020-08-26,HKDRUB_TOD,HKDRUB_TOD,0.0,0.0,0.0,0.0,0,0.0,
CETS,2020-08-27,HKDRUB_TOD,HKDRUB_TOD,0.0,0.0,0.0,0.0,0,0.0,
CETS,2020-08-28,HKDRUB_TOD,HKDRUB_TOD,0.0,0.0,0.0,0.0,0,0.0,
CETS,2020-08-31,HKDRUB_TOD,HKDRUB_TOD,0.0,0.0,0.0,0.0,0,0.0,
CETS,2020-09-01,HKDRUB_TOD,HKDRUB_TOD,0.0,0.0,0.0,0.0,0,0.0,
CETS,2020-09-02,HKDRUB_TOD,HKDRUB_TOD,0.0,0.0,0.0,0.0,0,0.0,
CETS,2020-09-03,HKDRUB_TOD,HKDRUB_TOD,0.0,0.0,0.0,0.0,0,0.0,
CETS,2020-09-04,HKDRUB_TOD,HKDRUB_TOD,0.0,0.0,0.0,0.0,0,0.0,
CETS,2020-09-07,HKDRUB_TOD,HKDRUB_TOD,0.0,0.0,0.0,0.0,0,0.0,
CETS,2020-09-08,HKDRUB_TOD,HKDRUB_TOD,0.0,0.0,0.0,0.0,0,0.0,
CETS,2020-09-09,HKDRUB_TOD,HKDRUB_TOD,0.0,0.0,0.0,0.0,0,0.0,
CETS,2020-09-10,HKDRUB_TOD,HKDRUB_TOD,0.0,0.0,0.0,0.0,0,0.0,
CETS,2020-09-11,HKDRUB_TOD,HKDRUB_TOD,0.0,0.0,0.0,0.0,0,0.0,
CETS,2020-09-14,HKDRUB_TOD,HKDRUB_TOD,0.0,0.0,0.0,0.0,0,0.0,
CETS,2020-09-15,HKDRUB_TOD,HKDRUB_TOD,0.0,0.0,0.0,0.0,0,0.0,
CETS,2020-09-16,HKDRUB_TOD,HKDRUB_TOD,0.0,0.0,0.0,0.0,0,0.0,
CETS,2020-09-17,HKDRUB_TOD,HKDRUB_TOD,0.0,0.0,0.0,0.0,0,0.0,
CETS,2020-09-18,HKDRUB_TOD,HKDRUB_TOD,0.0,0.0,0.0,0.0,0,0.0,
CETS,2020-09-21,HKDRUB_TOD,HKDRUB_TOD,0.0,0.0,0.0,0.0,0,0.0,
CETS,2020-09-22,HKDRUB_TOD,HKDRUB_TOD,0.0,0.0,0.0,0.0,0,0.0,
CETS,2020-09-23,HKDRUB_TOD,HKDRUB_TOD,0.0,0.0,0.0,0.0,0,0.0,
CETS,2020-09-24,HKDRUB_TOD,HKDRUB_TOD,0.0,0.0,0.0,0.0,0,0.0,
CETS,2020-09-25,HKDRUB_TOD,HKDRUB_TOD,0.0,0.0,0.0,0.0,0,0.0,
CETS,2020-09-28,HKDRUB_TOD,HKDRUB_TOD,0.0,0.0,0.0,0.0,0,0.0,
CETS,2020-09-29,HKDRUB_TOD,HKDRUB_TOD,0.0,0.0,0.0,0.0,0,0.0,
CETS,2020-09-30,HKDRUB_TOD,HKDRUB_TOD,0.0,0.0,0.0,0.0,0,0.0,
CETS,2020-10-01,HKDRUB_TOD,HKDRUB_TOD,0.0,0.0,0.0,0.0,0,0.0,
CETS,2020-10-02,HKDRUB_TOD,HKDRUB_TOD,0.0,0.0,0.0,0.0,0,0.0,
CETS,2020-10-05,HKDRUB_TOD,HKDRUB_TOD,10.3487,10.3487,10.3487,10.3487,1,403599.3,10.3487
CETS,2020-10-06,HKDRUB_TOD,HKDRUB_TOD,0.0,0.0,0.0,0.0,0,0.0,
CETS,2020-10-07,HKDRUB_TOD,HKDRUB_TOD,10.3442,10.3442,10.3442,10.3442,1,393079.6,10.3442
CETS,2020-10-08,HKDRUB_TOD,HKDRUB_TOD,0.0,0.0,0.0,0.0,0,0.0,
CETS,2020-10-09,HKDRUB_TOD,HKDRUB_TOD,0.0,0.0,0.0,0.0,0,0.0,
CETS,2020-10-12,HKDRUB_TOD,HKDRUB_TOD,0.0,0.0,0.0,0.0,0,0.0,
CETS,2020-10-13,HKDRUB_TOD,HKDRUB_TOD,0.0,0.0,0.0,0.0,0,0.0,
CETS,2020-10-14,HKDRUB_TOD,HKDRUB_TOD,0.0,0.0,0.0,0.0,0,0.0,
CETS,2020-10-15,HKDRUB_TOD,HKDRUB_TOD,0.0,0.0,0.0,0.0,0,0.0,
CETS,2020-10-16,HKDRUB_TOD,HKDRUB_TOD,0.0,0.0,0.0,0.0,0,0.0,
CETS,2020-10-19,HKDRUB_TOD,HKDRUB_TOD,0.0,0.0,0.0,0.0,0,0.0,
CETS,2020-10-20,HKDRUB_TOD,HKDRUB_TOD,0.0,0.0,0.0,0.0,0,0.0,
CETS,2020-10-21,HKDRUB_TOD,HKDRUB_TOD,0.0,0.0,0.0,0.0,0,0.0,
CETS,2020-10-22,HKDRUB_TOD,HKDRUB_TOD,10.2255,10.2255,10.2255,10.2255,1,265863.0,10.2255
CETS,2020-10-23,HKDRUB_TOD,HKDRUB_TOD,0.0,0.0,0.0,0.0,0,0.0,
CETS,2020-10-26,HKDRUB_TOD,HKDRUB_TOD,0.0,0.0,0.0,0.0,0,0.0,
CETS,2020-10-27,HKDRUB_TOD,HKDRUB_TOD,0.0,0.0,0.0,0.0,0,0.0,
CETS,2020-10-28,HKDRUB_TOD,HKDRUB_TOD,0.0,0.0,0.0,0.0,0,0.0,
CETS,2020-10-29,HKDRUB_TOD,HKDRUB_TOD,0.0,0.0,0.0,0.0,0,0.0,
CETS,2020-10-30,HKDRUB_TOD,HKDRUB_TOD,0.0,0.0,0.0,0.0,0,0.0,
CETS,2020-11-02,HKDRUB_TOD,HKDRUB_TOD,0.0,0.0,0.0,0.0,0,0.0,
CETS,2020-11-03,HKDRUB_TOD,HKDRUB_TOD,10.42,10.42,10.42,10.42,1,10420.0,10.42
CETS,2020-11-05,HKDRUB_TOD,HKDRUB_TOD,0.0,0.0,0.0,0.0,0,0.0,
CETS,2020-11-06,HKDRUB_TOD,HKDRUB_TOD,0.0,0.0,0.0,0.0,0,0.0,
CETS,2020-11-09,HKDRUB_TOD,HKDRUB_TOD,0.0,0.0,0.0,0.0,0,0.0,
CETS,2020-11-10,HKDRUB_TOD,HKDRUB_TOD,0.0,0.0,0.0,0.0,0,0.0,
CETS,2020-11-11,HKDRUB_TOD,HKDRUB_TOD,0.0,0.0,0.0,0.0,0,0.0,
CETS,2020-11-12,HKDRUB_TOD,HKDRUB_TOD,0.0,0.0,0.0,0.0,0,0.0,
CETS,2020-11-13,HKDRUB_TOD,HKDRUB_TOD,0.0,0.0,0.0,0.0,0,0.0,
CETS,2020-11-16,HKDRUB_TOD,HKDRUB_TOD,0.0,0.0,0.0,0.0,0,0.0,
CETS,2020-11-17,HKDRUB_TOD,HKDRUB_TOD,0.0,0.0,0.0,0.0,0,0.0,
CETS,2020-11-18,HKDRUB_TOD,HKDRUB_TOD,0.0,0.0,0.0,0.0,0,0.0,
CETS,2020-11-19,HKDRUB_TOD,HKDRUB_TOD,0.0,0.0,0.0,0.0,0,0.0,
CETS,2020-11-20,HKDRUB_TOD,HKDRUB_TOD,0.0,0.0,0.0,0.0,0,0.0,
CETS,2020-11-23,HKDRUB_TOD,HKDRUB_TOD,0.0,0.0,0.0,0.0,0,0.0,
CETS,2020-11-24,HKDRUB_TOD,HKDRUB_TOD,0.0,0.0,0.0,0.0,0,0.0,
CETS,2020-11-25,HKDRUB_TOD,HKDRUB_TOD,0.0,0.0,0.0,0.0,0,0.0,
CETS,2020-11-26,HKDRUB_TOD,HKDRUB_TOD,0.0,0.0,0.0,0.0,0,0.0,
CETS,2020-11-27,HKDRUB_TOD,HKDRUB_TOD,0.0,0.0,0.0,0.0,0,0.0,
CETS,2020-11-30,HKDRUB_TOD,HKDRUB_TOD,0.0,0.0,0.0,0.0,0,0.0,
CETS,2020-12-01,HKDRUB_TOD,HKDRUB_TOD,0.0,0.0,0.0,0.0,0,0.0,
CETS,2020-12-02,HKDRUB_TOD,HKDRUB_TOD,0.0,0.0,0.0,0.0,0,0.0,
CETS,2020-12-03,HKDRUB_TOD,HKDRUB_TOD,0.0,0.0,0.0,0.0,0,0.0,
CETS,2020-12-04,HKDRUB_TOD,HKDRUB_TOD,0.0,0.0,0.0,0.0,0,0.0,
CETS,2020-12-07,HKDRUB_TOD,HKDRUB_TOD,0.0,0.0,0.0,0.0,0,0.0,
CETS,2020-12-08,HKDRUB_TOD,HKDRUB_TOD,9.8115,9.8115,9.8115,9.8115,1,255099.0,9.8115
CETS,2020-12-09,HKDRUB_TOD,HKDRUB_TOD,0.0,0.0,0.0,0.0,0,0.0,
CETS,2020-12-10,HKDRUB_TOD,HKDRUB_TOD,9.8141,9.8141,9.8141,9.8141,1,225724.3,9.8141
CETS,2020-12-11,HKDRUB_TOD,HKDRUB_TOD,0.0,0.0,0.0,0.0,0,0.0,
CETS,2020-12-14,HKDRUB_TOD,HKDRUB_TOD,0.0,0.0,0.0,0.0,0,0.0,
CETS,2020-12-15,HKDRUB_TOD,HKDRUB_TOD,0.0,0.0,0.0,0.0,0,0.0,
CETS,2020-12-16,HKDRUB_TOD,HKDRUB_TOD,0.0,0.0,0.0,0.0,0,0.0,
CETS,2020-12-17,HKDRUB_TOD,HKDRUB_TOD,0.0,0.0,0.0,0.0,0,0.0,
CETS,2020-12-18,HKDRUB_TOD,HKDRUB_TOD,0.0,0.0,0.0,0.0,0,0.0,
CETS,2020-12-21,HKDRUB_TOD,HKDRUB_TOD,0.0,0.0,0.0,0.0,0,0.0,
CETS,2020-12-22,HKDRUB_TOD,HKDRUB_TOD,0.0,0.0,0.0,0.0,0,0.0,
CETS,2020-12-23,HKDRUB_TOD,HKDRUB_TOD,0.0,0.0,0.0,0.0,0,0.0,
CETS,2020-12-24,HKDRUB_TOD,HKDRUB_TOD,9.4191,9.4191,9.4191,9.4191,1,9419.1,9.4191
CETS,2020-12-25,HKDRUB_TOD,HKDRUB_TOD,0.0,0.0,0.0,0.0,0,0.0,
CETS,2020-12-28,HKDRUB_TOD,HKDRUB_TOD,0.0,0.0,0.0,0.0,0,0.0,
CETS,2020-12-29,HKDRUB_TOD,HKDRUB_TOD,0.0,0.0,0.0,0.0,0,0.0,
CETS,2020-12-30,HKDRUB_TOD,HKDRUB_TOD,0.0,0.0,0.0,0.0,0,0.0,
CETS,2021-01-04,HKDRUB_TOD,HKDRUB_TOD,0.0,0.0,0.0,0.0,0,0.0,
CETS,2021-01-05,HKDRUB_TOD,HKDRUB_TOD,0.0,0.0,0.0,0.0,0,0.0,
CETS,2021-01-06,HKDRUB_TOD,HKDRUB_TOD,0.0,0.0,0.0,0.0,0,0.0,
CETS,2021-01-08,HKDRUB_TOD,HKDRUB_TOD,0.0,0.0,0.0,0.0,0,0.0,
CETS,2021-01-11,HKDRUB_TOD,HKDRUB_TOD,0.0,0.0,0.0,0.0,0,0.0,
CETS,2021-01-12,HKDRUB_TOD,HKDRUB_TOD,0.0,0.0,0.0,0.0,0,0.0,
CETS,2021-01-13,HKDRUB_TOD,HKDRUB_TOD,0.0,0.0,0.0,0.0,0,0.0,
CETS,2021-01-14,HKDRUB_TOD,HKDRUB_TOD,0.0,0.0,0.0,0.0,0,0.0,
CETS,2021-01-15,HKDRUB_TOD,HKDRUB_TOD,0.0,0.0,0.0,0.0,0,0.0,
CETS,2021-01-18,HKDRUB_TOD,HKDRUB_TOD,0.0,0.0,0.0,0.0,0,0.0,
CETS,2021-01-19,HKDRUB_TOD,HKDRUB_TOD,0.0,0.0,0.0,0.0,0,0.0,
CETS,2021-01-20,HKDRUB_TOD,HKDRUB_TOD,0.0,0.0,0.0,0.0,0,0.0,
CETS,2021-01-21,HKDRUB_TOD,HKDRUB_TOD,0.0,0.0,0.0,0.0,0,0.0,
CETS,2021-01-22,HKDRUB_TOD,HKDRUB_TOD,0.0,0.0,0.0,0.0,0,0.0,
CETS,2021-01-25,HKDRUB_TOD,HKDRUB_TOD,9.9023,9.9023,9.9023,9.9023,1,1792316.3,9.9023
CETS,2021-01-26,HKDRUB_TOD,HKDRUB_TOD,0.0,0.0,0.0,0.0,0,0.0,
CETS,2021-01-27,HKDRUB_TOD,HKDRUB_TOD,0.0,0.0,0.0,0.0,0,0.0,
CETS,2021-01-28,HKDRUB_TOD,HKDRUB_TOD,0.0,0.0,0.0,0.0,0,0.0,
CETS,2021-01-29,HKDRUB_TOD,HKDRUB_TOD,0.0,0.0,0.0,0.0,0,0.0,
CETS,2021-02-01,HKDRUB_TOD,HKDRUB_TOD,0.0,0.0,0.0,0.0,0,0.0,
CETS,2021-02-02,HKDRUB_TOD,HKDRUB_TOD,0.0,0.0,0.0,0.0,0,0.0,
CETS,2021-02-03,HKDRUB_TOD,HKDRUB_TOD,0.0,0.0,0.0,0.0,0,0.0,
CETS,2021-02-04,HKDRUB_TOD,HKDRUB_TOD,0.0,0.0,0.0,0.0,0,0.0,
CETS,2021-02-05,HKDRUB_TOD,HKDRUB_TOD,0.0,0.0,0.0,0.0,0,0.0,
CETS,2021-02-08,HKDRUB_TOD,HKDRUB_TOD,0.0,0.0,0.0,0.0,0,0.0,
CETS,2021-02-09,HKDRUB_TOD,HKDRUB_TOD,0.0,0.0,0.0,0.0,0,0.0,
CETS,2021-02-10,HKDRUB_TOD,HKDRUB_TOD,0.0,0.0,0.0,0.0,0,0.0,
CETS,2021-02-11,HKDRUB_TOD,HKDRUB_TOD,0.0,0.0,0.0,0.0,0,0.0,
CETS,2021-02-12,HKDRUB_TOD,HKDRUB_TOD,0.0,0.0,0.0,0.0,0,0.0,
CETS,2021-02-15,HKDRUB_TOD,HKDRUB_TOD,0.0,0.0,0.0,0.0,0,0.0,
CETS,2021-02-16,HKDRUB_TOD,HKDRUB_TOD,0.0,0.0,0.0,0.0,0,0.0,
CETS,2021-02-17,HKDRUB_TOD,HKDRUB_TOD,9.7736,9.1629,9.7736,9.1629,2,331691.7,9.7556
CETS,2021-02-18,HKDRUB_TOD,HKDRUB_TOD,0.0,0.0,0.0,0.0,0,0.0,
CETS,2021-02-19,HKDRUB_TOD,HKDRUB_TOD,0.0,0.0,0.0,0.0,0,0.0,
CETS,2021-02-20,HKDRUB_TOD,HKDRUB_TOD,0.0,0.0,0.0,0.0,0,0.0,
CETS,2021-02-22,HKDRUB_TOD,HKDRUB_TOD,0.0,0.0,0.0,0.0,0,0.0,
CETS,2021-02-24,HKDRUB_TOD,HKDRUB_TOD,0.0,0.0,0.0,0.0,0,0.0,
CETS,2021-02-25,HKDRUB_TOD,HKDRUB_TOD,0.0,0.0,0.0,0.0,0,0.0,
CETS,2021-02-26,HKDRUB_TOD,HKDRUB_TOD,0.0,0.0,0.0,0.0,0,0.0,
CETS,2021-03-01,HKDRUB_TOD,HKDRUB_TOD,0.0,0.0,0.0,0.0,0,0.0,
CETS,2021-03-02,HKDRUB_TOD,HKDRUB_TOD,0.0,0.0,0.0,0.0,0,0.0,
CETS,2021-03-03,HKDRUB_TOD,HKDRUB_TOD,0.0,0.0,0.0,0.0,0,0.0,
CETS,2021-03-04,HKDRUB_TOD,HKDRUB_TOD,0.0,0.0,0.0,0.0,0,0.0,
CETS,2021-03-05,HKDRUB_TOD,HKDRUB_TOD,0.0,0.0,0.0,0.0,0,0.0,
CETS,2021-03-09,HKDRUB_TOD,HKDRUB_TOD,9.8034,9.8034,9.8034,9.8034,1,568597.2,9.8034
CETS,2021-03-10,HKDRUB_TOD,HKDRUB_TOD,0.0,0.0,0.0,0.0,0,0.0,
CETS,2021-03-11,HKDRUB_TOD,HKDRUB_TOD,0.0,0.0,0.0,0.0,0,0.0,
CETS,2021-03-12,HKDRUB_TOD,HKDRUB_TOD,0.0,0.0,0.0,0.0,0,0.0,
CETS,2021-03-15,HKDRUB_TOD,HKDRUB_TOD,0.0,0.0,0.0,0.0,0,0.0,
CETS,2021-03-16,HKDRUB_TOD,HKDRUB_TOD,0.0,0.0,0.0,0.0,0,0.0,
CETS,2021-03-17,HKDRUB_TOD,HKDRUB_TOD,0.0,0.0,0.0,0.0,0,0.0,
CETS,2021-03-18,HKDRUB_TOD,HKDRUB_TOD,0.0,0.0,0.0,0.0,0,0.0,
CETS,2021-03-19,HKDRUB_TOD,HKDRUB_TOD,0.0,0.0,0.0,0.0,0,0.0,
CETS,2021-03-22,HKDRUB_TOD,HKDRUB_TOD,0.0,0.0,0.0,0.0,0,0.0,
CETS,2021-03-23,HKDRUB_TOD,HKDRUB_TOD,0.0,0.0,0.0,0.0,0,0.0,
CETS,2021-03-24,HKDRUB_TOD,HKDRUB_TOD,0.0,0.0,0.0,0.0,0,0.0,
CETS,2021-03-25,HKDRUB_TOD,HKDRUB_TOD,0.0,0.0,0.0,0.0,0,0.0,
CETS,2021-03-26,HKDRUB_TOD,HKDRUB_TOD,0.0,0.0,0.0,0.0,0,0.0,
CETS,2021-03-29,HKDRUB_TOD,HKDRUB_TOD,0.0,0.0,0.0,0.0,0,0.0,
CETS,2021-03-30,HKDRUB_TOD,HKDRUB_TOD,0.0,0.0,0.0,0.0,0,0.0,
CETS,2021-03-31,HKDRUB_TOD,HKDRUB_TOD,0.0,0.0,0.0,0.0,0,0.0,
CETS,2021-04-01,HKDRUB_TOD,HKDRUB_TOD,0.0,0.0,0.0,0.0,0,0.0,
CETS,2021-04-02,HKDRUB_TOD,HKDRUB_TOD,0.0,0.0,0.0,0.0,0,0.0,
CETS,2021-04-05,HKDRUB_TOD,HKDRUB_TOD,0.0,0.0,0.0,0.0,0,0.0,
CETS,2021-04-06,HKDRUB_TOD,HKDRUB_TOD,0.0,0.0,0.0,0.0,0,0.0,
CETS,2021-04-07,HKDRUB_TOD,HKDRUB_TOD,0.0,0.0,0.0,0.0,0,0.0,
CETS,2021-04-08,HKDRUB_TOD,HKDRUB_TOD,0.0,0.0,0.0,0.0,0,0.0,
CETS,2021-04-09,HKDRUB_TOD,HKDRUB_TOD,10.1328,10.1328,10.1328,10.1328,1,567436.8,10.1328
CETS,2021-04-12,HKDRUB_TOD,HKDRUB_TOD,10.2108,10.2108,10.2108,10.2108,1,112318.8,10.2108
CETS,2021-04-13,HKDRUB_TOD,HKDRUB_TOD,0.0,0.0,0.0,0.0,0,0.0,
CETS,2021-04-14,HKDRUB_TOD,HKDRUB_TOD,0.0,0.0,0.0,0.0,0,0.0,
CETS,2021-04-15,HKDRUB_TOD,HKDRUB_TOD,0.0,0.0,0.0,0.0,0,0.0,
CETS,2021-04-16,HKDRUB_TOD,HKDRUB_TOD,0.0,0.0,0.0,0.0,0,0.0,
CETS,2021-04-19,HKDRUB_TOD,HKDRUB_TOD,9.9426,9.9426,9.9426,9.9426,1,9942.6,9.9426
CETS,2021-04-20,HKDRUB_TOD,HKDRUB_TOD,0.0,0.0,0.0,0.0,0,0.0,
CETS,2021-04-21,HKDRUB_TOD,HKDRUB_TOD,10.0333,10.0333,10.0333,10.0333,1,280932.4,10.0333
CETS,2021-04-22,HKDRUB_TOD,HKDRUB_TOD,0.0,0.0,0.0,0.0,0,0.0,
CETS,2021-04-23,HKDRUB_TOD,HKDRUB_TOD,0.0,0.0,0.0,0.0,0,0.0,
CETS,2021-04-26,HKDRUB_TOD,HKDRUB_TOD,0.0,0.0,0.0,0.0,0,0.0,
CETS,2021-04-27,HKDRUB_TOD,HKDRUB_TOD,0.0,0.0,0.0,0.0,0,0.0,
CETS,2021-04-28,HKDRUB_TOD,HKDRUB_TOD,0.0,0.0,0.0,0.0,0,0.0,
CETS,2021-04-29,HKDRUB_TOD,HKDRUB_TOD,0.0,0.0,0.0,0.0,0,0.0,
CETS,2021-04-30,HKDRUB_TOD,HKDRUB_TOD,0.0,0.0,0.0,0.0,0,0.0,
CETS,2021-05-04,HKDRUB_TOD,HKDRUB_TOD,0.0,0.0,0.0,0.0,0,0.0,
CETS,2021-05-05,HKDRUB_TOD,HKDRUB_TOD,0.0,0.0,0.0,0.0,0,0.0,
CETS,2021-05-06,HKDRUB_TOD,HKDRUB_TOD,0.0,0.0,0.0,0.0,0,0.0,
CETS,2021-05-07,HKDRUB_TOD,HKDRUB_TOD,0.0,0.0,0.0,0.0,0,0.0,
CETS,2021-05-10,HKDRUB_TOD,HKDRUB_TOD,0.0,0.0,0.0,0.0,0,0.0,
CETS,2021-05-11,HKDRUB_TOD,HKDRUB_TOD,0.0,0.0,0.0,0.0,0,0.0,
CETS,2021-05-12,HKDRUB_TOD,HKDRUB_TOD,0.0,0.0,0.0,0.0,0,0.0,
CETS,2021-05-13,HKDRUB_TOD,HKDRUB_TOD,0.0,0.0,0.0,0.0,0,0.0,
CETS,2021-05-14,HKDRUB_TOD,HKDRUB_TOD,0.0,0.0,0.0,0.0,0,0.0,
CETS,2021-05-17,HKDRUB_TOD,HKDRUB_TOD,0.0,0.0,0.0,0.0,0,0.0,
CETS,2021-05-18,HKDRUB_TOD,HKDRUB_TOD,9.6456,9.6456,9.6456,9.6456,1,250785.6,9.6456
CETS,2021-05-19,HKDRUB_TOD,HKDRUB_TOD,0.0,0.0,0.0,0.0,0,0.0,
CETS,2021-05-20,HKDRUB_TOD,HKDRUB_TOD,0.0,0.0,0.0,0.0,0,0.0,
CETS,2021-05-21,HKDRUB_TOD,HKDRUB_TOD,0.0,0.0,0.0,0.0,0,0.0,
CETS,2021-05-24,HKDRUB_TOD,HKDRUB_TOD,0.0,0.0,0.0,0.0,0,0.0,
CETS,2021-05-25,HKDRUB_TOD,HKDRUB_TOD,0.0,0.0,0.0,0.0,0,0.0,
CETS,2021-05-26,HKDRUB_TOD,HKDRUB_TOD,0.0,0.0,0.0,0.0,0,0.0,
CETS,2021-05-27,HKDRUB_TOD,HKDRUB_TOD,0.0,0.0,0.0,0.0,0,0.0,
CETS,2021-05-28,HKDRUB_TOD,HKDRUB_TOD,0.0,0.0,0.0,0.0,0,0.0,
CETS,2021-05-31,HKDRUB_TOD,HKDRUB_TOD,9.5896,9.5896,9.5896,9.5896,1,498659.2,9.5896
CETS,2021-06-01,HKDRUB_TOD,HKDRUB_TOD,0.0,0.0,0.0,0.0,0,0.0,
CETS,2021-06-02,HKDRUB_TOD,HKDRUB_TOD,0.0,0.0,0.0,0.0,0,0.0,
CETS,2021-06-03,HKDRUB_TOD,HKDRUB_TOD,0.0,0.0,0.0,0.0,0,0.0,
CETS,2021-06-04,HKDRUB_TOD,HKDRUB_TOD,0.0,0.0,0.0,0.0,0,0.0,
CETS,2021-06-07,HKDRUB_TOD,HKDRUB_TOD,0.0,0.0,0.0,0.0,0,0.0,
CETS,2021-06-08,HKDRUB_TOD,HKDRUB_TOD,0.0,0.0,0.0,0.0,0,0.0,
CETS,2021-06-09,HKDRUB_TOD,HKDRUB_TOD,0.0,0.0,0.0,0.0,0,0.0,
CETS,2021-06-10,HKDRUB_TOD,HKDRUB_TOD,0.0,0.0,0.0,0.0,0,0.0,
CETS,2021-06-11,HKDRUB_TOD,HKDRUB_TOD,0.0,0.0,0.0,0.0,0,0.0,
CETS,2021-06-14,HKDRUB_TOD,HKDRUB_TOD,0.0,0.0,0.0,0.0,0,0.0,
CETS,2021-06-15,HKDRUB_TOD,HKDRUB_TOD,0.0,0.0,0.0,0.0,0,0.0,
CETS,2021-06-16,HKDRUB_TOD,HKDRUB_TOD,9.4444,9.4444,9.4444,9.4444,1,321109.6,9.4444
CETS,2021-06-17,HKDRUB_TOD,HKDRUB_TOD,0.0,0.0,0.0,0.0,0,0.0,
CETS,2021-06-18,HKDRUB_TOD,HKDRUB_TOD,0.0,0.0,0.0,0.0,0,0.0,
CETS,2021-06-21,HKDRUB_TOD,HKDRUB_TOD,0.0,0.0,0.0,0.0,0,0.0,
CETS,2021-06-22,HKDRUB_TOD,HKDRUB_TOD,0.0,0.0,0.0,0.0,0,0.0,
CETS,2021-06-23,HKDRUB_TOD,HKDRUB_TOD,0.0,0.0,0.0,0.0,0,0.0,
CETS,2021-06-24,HKDRUB_TOD,HKDRUB_TOD,0.0,0.0,0.0,0.0,0,0.0,
CETS,2021-06-25,HKDRUB_TOD,HKDRUB_TOD,0.0,0.0,0.0,0.0,0,0.0,
CETS,2021-06-28,HKDRUB_TOD,HKDRUB_TOD,0.0,0.0,0.0,0.0,0,0.0,
CETS,2021-06-29,HKDRUB_TOD,HKDRUB_TOD,0.0,0.0,0.0,0.0,0,0.0,
CETS,2021-06-30,HKDRUB_TOD,HKDRUB_TOD,0.0,0.0,0.0,0.0,0,0.0,
CETS,2021-07-01,HKDRUB_TOD,HKDRUB_TOD,0.0,0.0,0.0,0.0,0,0.0,
CETS,2021-07-02,HKDRUB_TOD,HKDRUB_TOD,0.0,0.0,0.0,0.0,0,0.0,
CETS,2021-07-05,HKDRUB_TOD,HKDRUB_TOD,0.0,0.0,0.0,0.0,0,0.0,
CETS,2021-07-06,HKDRUB_TOD,HKDRUB_TOD,9.5892,9.5892,9.5892,9.5892,1,9589.2,9.5892
CETS,2021-07-07,HKDRUB_TOD,HKDRUB_TOD,0.0,0.0,0.0,0.0,0,0.0,
CETS,2021-07-08,HKDRUB_TOD,HKDRUB_TOD,0.0,0.0,0.0,0.0,0,0.0,
CETS,2021-07-09,HKDRUB_TOD,HKDRUB_TOD,0.0,0.0,0.0,0.0,0,0.0,
CETS,2021-07-12,HKDRUB_TOD,HKDRUB_TOD,0.0,0.0,0.0,0.0,0,0.0,
CETS,2021-07-13,HKDRUB_TOD,HKDRUB_TOD,0.0,0.0,0.0,0.0,0,0.0,
CETS,2021-07-14,HKDRUB_TOD,HKDRUB_TOD,0.0,0.0,0.0,0.0,0,0.0,
CETS,2021-07-15,HKDRUB_TOD,HKDRUB_TOD,0.0,0.0,0.0,0.0,0,0.0,
CETS,2021-07-16,HKDRUB_TOD,HKDRUB_TOD,0.0,0.0,0.0,0.0,0,0.0,
CETS,2021-07-19,HKDRUB_TOD,HKDRUB_TOD,0.0,0.0,0.0,0.0,0,0.0,
CETS,2021-07-20,HKDRUB_TOD,HKDRUB_TOD,0.0,0.0,0.0,0.0,0,0.0,
CETS,2021-07-21,HKDRUB_TOD,HKDRUB_TOD,0.0,0.0,0.0,0.0,0,0.0,
CETS,2021-07-22,HKDRUB_TOD,HKDRUB_TOD,0.0,0.0,0.0,0.0,0,0.0,
CETS,2021-07-23,HKDRUB_TOD,HKDRUB_TOD,0.0,0.0,0.0,0.0,0,0.0,
CETS,2021-07-26,HKDRUB_TOD,HKDRUB_TOD,0.0,0.0,0.0,0.0,0,0.0,
CETS,2021-07-27,HKDRUB_TOD,HKDRUB_TOD,0.0,0.0,0.0,0.0,0,0.0,
CETS,2021-07-28,HKDRUB_TOD,HKDRUB_TOD,0.0,0.0,0.0,0.0,0,0.0,
CETS,2021-07-29,HKDRUB_TOD,HKDRUB_TOD,0.0,0.0,0.0,0.0,0,0.0,
CETS,2021-07-30,HKDRUB_TOD,HKDRUB_TOD,0.0,0.0,0.0,0.0,0,0.0,
CETS,2021-08-02,HKDRUB_TOD,HKDRUB_TOD,0.0,0.0,0.0,0.0,0,0.0,
CETS,2021-08-03,HKDRUB_TOD,HKDRUB_TOD,0.0,0.0,0.0,0.0,0,0.0,
CETS,2021-08-04,HKDRUB_TOD,HKDRUB_TOD,0.0,0.0,0.0,0.0,0,0.0,
CETS,2021-08-05,HKDRUB_TOD,HKDRUB_TOD,0.0,0.0,0.0,0.0,0,0.0,
CETS,2021-08-06,HKDRUB_TOD,HKDRUB_TOD,0.0,0.0,0.0,0.0,0,0.0,
CETS,2021-08-09,HKDRUB_TOD,HKDRUB_TOD,0.0,0.0,0.0,0.0,0,0.0,
CETS,2021-08-10,HKDRUB_TOD,HKDRUB_TOD,0.0,0.0,0.0,0.0,0,0.0,
CETS,2021-08-11,HKDRUB_TOD,HKDRUB_TOD,0.0,0.0,0.0,0.0,0,0.0,
CETS,2021-08-12,HKDRUB_TOD,HKDRUB_TOD,9.5,9.5,9.5,9.5,1,38000.0,9.5
CETS,2021-08-13,HKDRUB_TOD,HKDRUB_TOD,9.6087,9.6083,9.6087,9.6083,2,19217.0,9.6085
CETS,2021-08-16,HKDRUB_TOD,HKDRUB_TOD,0.0,0.0,0.0,0.0,0,0.0,
CETS,2021-08-17,HKDRUB_TOD,HKDRUB_TOD,0.0,0.0,0.0,0.0,0,0.0,
CETS,2021-08-18,HKDRUB_TOD,HKDRUB_TOD,0.0,0.0,0.0,0.0,0,0.0,
CETS,2021-08-19,HKDRUB_TOD,HKDRUB_TOD,0.0,0.0,0.0,0.0,0,0.0,
CETS,2021-08-20,HKDRUB_TOD,HKDRUB_TOD,9.6694,9.3871,9.6694,9.3871,2,381130.0,9.5283
CETS,2021-08-23,HKDRUB_TOD,HKDRUB_TOD,9.6477,9.6477,9.6557,9.6557,2,57894.2,9.649
CETS,2021-08-24,HKDRUB_TOD,HKDRUB_TOD,9.6472,9.6472,9.6472,9.6472,1,9647.2,9.6472
CETS,2021-08-25,HKDRUB_TOD,HKDRUB_TOD,9.6472,9.6239,9.6472,9.6239,2,1108193.1,9.6365
CETS,2021-08-26,HKDRUB_TOD,HKDRUB_TOD,9.6665,9.6665,9.6665,9.6665,1,222329.5,9.6665
CETS,2021-08-27,HKDRUB_TOD,HKDRUB_TOD,9.661,9.661,9.661,9.661,1,9661.0,9.661
CETS,2021-08-30,HKDRUB_TOD,HKDRUB_TOD,9.5979,9.5979,9.6096,9.6096,11,998237.6,9.5984
CETS,2021-08-31,HKDRUB_TOD,HKDRUB_TOD,0.0,0.0,0.0,0.0,0,0.0,
CETS,2021-09-01,HKDRUB_TOD,HKDRUB_TOD,9.5688,9.2666,9.5688,9.2666,3,37973.0,9.4933
CETS,2021-09-02,HKDRUB_TOD,HKDRUB_TOD,9.5369,9.5369,9.5369,9.5369,1,9536.9,9.5369
CETS,2021-09-03,HKDRUB_TOD,HKDRUB_TOD,9.5455,9.5454,9.5455,9.5454,4,210000.2,9.5455
CETS,2021-09-06,HKDRUB_TOD,HKDRUB_TOD,9.5274,9.2233,9.5323,9.5323,6,876581.9,9.5281
CETS,2021-09-07,HKDRUB_TOD,HKDRUB_TOD,9.8199,9.8199,9.8199,9.8199,1,49099.5,9.8199
CETS,2021-09-08,HKDRUB_TOD,HKDRUB_TOD,9.7959,9.58,9.7959,9.58,2,126914.9,9.7627
CETS,2021-09-09,HKDRUB_TOD,HKDRUB_TOD,0.0,0.0,0.0,0.0,0,0.0,
CETS,2021-09-10,HKDRUB_TOD,HKDRUB_TOD,9.7896,9.3999,9.7896,9.5132,5,408900.5,9.5093
CETS,2021-09-13,HKDRUB_TOD,HKDRUB_TOD,9.513,9.513,9.513,9.513,2,19026.0,9.513
CETS,2021-09-14,HKDRUB_TOD,HKDRUB_TOD,0.0,0.0,0.0,0.0,0,0.0,
CETS,2021-09-15,HKDRUB_TOD,HKDRUB_TOD,0.0,0.0,0.0,0.0,0,0.0,
CETS,2021-09-16,HKDRUB_TOD,HKDRUB_TOD,0.0,0.0,0.0,0.0,0,0.0,
CETS,2021-09-17,HKDRUB_TOD,HKDRUB_TOD,0.0,0.0,0.0,0.0,0,0.0,
CETS,2021-09-20,HKDRUB_TOD,HKDRUB_TOD,0.0,0.0,0.0,0.0,0,0.0,
CETS,2021-09-21,HKDRUB_TOD,HKDRUB_TOD,9.4899,9.4899,9.4899,9.4899,1,664293.0,9.4899
CETS,2021-09-22,HKDRUB_TOD,HKDRUB_TOD,0.0,0.0,0.0,0.0,0,0.0,
CETS,2021-09-23,HKDRUB_TOD,HKDRUB_TOD,9.4799,9.4799,9.4799,9.4799,1,9479.9,9.4799
CETS,2021-09-24,HKDRUB_TOD,HKDRUB_TOD,9.498,9.498,9.498,9.498,1,56988.0,9.498
CETS,2021-09-27,HKDRUB_TOD,HKDRUB_TOD,9.6115,9.6115,9.6115,9.6115,5,57669.0,9.6115
CETS,2021-09-28,HKDRUB_TOD,HKDRUB_TOD,9.4606,9.4606,9.4606,9.4606,1,9460.6,9.4606
CETS,2021-09-29,HKDRUB_TOD,HKDRUB_TOD,9.7851,9.1048,9.7851,9.1048,2,18889.9,9.445
CETS,2021-09-30,HKDRUB_TOD,HKDRUB_TOD,0.0,0.0,0.0,0.0,0,0.0,
CETS,2021-10-01,HKDRUB_TOD,HKDRUB_TOD,0.0,0.0,0.0,0.0,0,0.0,
CETS,2021-10-04,HKDRUB_TOD,HKDRUB_TOD,0.0,0.0,0.0,0.0,0,0.0,
CETS,2021-10-05,HKDRUB_TOD,HKDRUB_TOD,0.0,0.0,0.0,0.0,0,0.0,
CETS,2021-10-06,HKDRUB_TOD,HKDRUB_TOD,0.0,0.0,0.0,0.0,0,0.0,
CETS,2021-10-07,HKDRUB_TOD,HKDRUB_TOD,0.0,0.0,0.0,0.0,0,0.0,
CETS,2021-10-08,HKDRUB_TOD,HKDRUB_TOD,9.0272,9.0272,9.0272,9.0272,1,27081.6,9.0272
CETS,2021-10-11,HKDRUB_TOD,HKDRUB_TOD,9.3708,9.3708,9.3708,9.3708,1,84337.2,9.3708
CETS,2021-10-12,HKDRUB_TOD,HKDRUB_TOD,9.3599,9.3599,9.3599,9.3599,1,486714.8,9.3599
CETS,2021-10-13,HKDRUB_TOD,HKDRUB_TOD,0.0,0.0,0.0,0.0,0,0.0,
CETS,2021-10-14,HKDRUB_TOD,HKDRUB_TOD,0.0,0.0,0.0,0.0,0,0.0,
CETS,2021-10-15,HKDRUB_TOD,HKDRUB_TOD,9.3693,9.3693,9.3693,9.3693,1,683958.9,9.3693
CETS,2021-10-18,HKDRUB_TOD,HKDRUB_TOD,9.3191,9.2971,9.3191,9.2971,3,102290.1,9.2991
CETS,2021-10-19,HKDRUB_TOD,HKDRUB_TOD,9.356,8.987,9.356,8.987,2,278466.0,9.2822
CETS,2021-10-20,HKDRUB_TOD,HKDRUB_TOD,0.0,0.0,0.0,0.0,0,0.0,
CETS,2021-10-21,HKDRUB_TOD,HKDRUB_TOD,0.0,0.0,0.0,0.0,0,0.0,
CETS,2021-10-22,HKDRUB_TOD,HKDRUB_TOD,0.0,0.0,0.0,0.0,0,0.0,
CETS,2021-10-25,HKDRUB_TOD,HKDRUB_TOD,0.0,0.0,0.0,0.0,0,0.0,
CETS,2021-10-26,HKDRUB_TOD,HKDRUB_TOD,0.0,0.0,0.0,0.0,0,0.0,
CETS,2021-10-27,HKDRUB_TOD,HKDRUB_TOD,0.0,0.0,0.0,0.0,0,0.0,
CETS,2021-10-28,HKDRUB_TOD,HKDRUB_TOD,0.0,0.0,0.0,0.0,0,0.0,
CETS,2021-10-29,HKDRUB_TOD,HKDRUB_TOD,0.0,0.0,0.0,0.0,0,0.0,
CETS,2021-11-01,HKDRUB_TOD,HKDRUB_TOD,0.0,0.0,0.0,0.0,0,0.0,
CETS,2021-11-02,HKDRUB_TOD,HKDRUB_TOD,9.4211,9.4211,9.4211,9.4211,1,9421.1,9.4211
CETS,2021-11-03,HKDRUB_TOD,HKDRUB_TOD,0.0,0.0,0.0,0.0,0,0.0,
CETS,2021-11-05,HKDRUB_TOD,HKDRUB_TOD,0.0,0.0,0.0,0.0,0,0.0,
CETS,2021-11-08,HKDRUB_TOD,HKDRUB_TOD,0.0,0.0,0.0,0.0,0,0.0,
CETS,2021-11-09,HKDRUB_TOD,HKDRUB_TOD,0.0,0.0,0.0,0.0,0,0.0,
CETS,2021-11-10,HKDRUB_TOD,HKDRUB_TOD,0.0,0.0,0.0,0.0,0,0.0,
CETS,2021-11-11,HKDRUB_TOD,HKDRUB_TOD,9.2,9.2,9.2,9.2,1,460000.0,9.2
CETS,2021-11-12,HKDRUB_TOD,HKDRUB_TOD,9.5873,9.5872,9.5873,9.5872,2,517711.7,9.5873
CETS,2021-11-15,HKDRUB_TOD,HKDRUB_TOD,0.0,0.0,0.0,0.0,0,0.0,
CETS,2021-11-16,HKDRUB_TOD,HKDRUB_TOD,0.0,0.0,0.0,0.0,0,0.0,
CETS,2021-11-17,HKDRUB_TOD,HKDRUB_TOD,0.0,0.0,0.0,0.0,0,0.0,
CETS,2021-11-18,HKDRUB_TOD,HKDRUB_TOD,0.0,0.0,0.0,0.0,0,0.0,
CETS,2021-11-19,HKDRUB_TOD,HKDRUB_TOD,0.0,0.0,0.0,0.0,0,0.0,
CETS,2021-11-22,HKDRUB_TOD,HKDRUB_TOD,0.0,0.0,0.0,0.0,0,0.0,
CETS,2021-11-23,HKDRUB_TOD,HKDRUB_TOD,10.159,10.159,10.159,10.159,1,50795.0,10.159
CETS,2021-11-24,HKDRUB_TOD,HKDRUB_TOD,0.0,0.0,0.0,0.0,0,0.0,
CETS,2021-11-25,HKDRUB_TOD,HKDRUB_TOD,0.0,0.0,0.0,0.0,0,0.0,
CETS,2021-11-26,HKDRUB_TOD,HKDRUB_TOD,0.0,0.0,0.0,0.0,0,0.0,
CETS,2021-11-29,HKDRUB_TOD,HKDRUB_TOD,0.0,0.0,0.0,0.0,0,0.0,
CETS,2021-11-30,HKDRUB_TOD,HKDRUB_TOD,0.0,0.0,0.0,0.0,0,0.0,
CETS,2021-12-01,HKDRUB_TOD,HKDRUB_TOD,0.0,0.0,0.0,0.0,0,0.0,
CETS,2021-12-02,HKDRUB_TOD,HKDRUB_TOD,0.0,0.0,0.0,0.0,0,0.0,
CETS,2021-12-03,HKDRUB_TOD,HKDRUB_TOD,0.0,0.0,0.0,0.0,0,0.0,
CETS,2021-12-06,HKDRUB_TOD,HKDRUB_TOD,9.6073,9.6073,9.6073,9.6073,1,240182.5,9.6073
CETS,2021-12-07,HKDRUB_TOD,HKDRUB_TOD,9.6453,9.6453,9.6453,9.6453,1,9645.3,9.6453
CETS,2021-12-08,HKDRUB_TOD,HKDRUB_TOD,0.0,0.0,0.0,0.0,0,0.0,
CETS,2021-12-09,HKDRUB_TOD,HKDRUB_TOD,9.5844,9.2789,9.5844,9.5824,3,654251.1,9.4819
CETS,2021-12-10,HKDRUB_TOD,HKDRUB_TOD,9.6004,9.6004,9.6004,9.6004,1,240010.0,9.6004
CETS,2021-12-13,HKDRUB_TOD,HKDRUB_TOD,0.0,0.0,0.0,0.0,0,0.0,
CETS,2021-12-14,HKDRUB_TOD,HKDRUB_TOD,9.2722,9.2722,9.5999,9.5999,2,251004.8,9.2965
CETS,2021-12-15,HKDRUB_TOD,HKDRUB_TOD,0.0,0.0,0.0,0.0,0,0.0,
CETS,2021-12-16,HKDRUB_TOD,HKDRUB_TOD,9.5869,9.5869,9.5869,9.5869,1,575214.0,9.5869
CETS,2021-12-17,HKDRUB_TOD,HKDRUB_TOD,9.6046,9.2701,9.6046,9.2701,2,1115757.0,9.298
CETS,2021-12-20,HKDRUB_TOD,HKDRUB_TOD,0.0,0.0,0.0,0.0,0,0.0,
CETS,2021-12-21,HKDRUB_TOD,HKDRUB_TOD,9.6488,9.6328,9.6488,9.6328,2,2438698.4,9.6391
CETS,2021-12-22,HKDRUB_TOD,HKDRUB_TOD,9.6328,9.5,9.6328,9.5,4,66862.8,9.5518
CETS,2021-12-23,HKDRUB_TOD,HKDRUB_TOD,9.55,9.4999,9.55,9.4999,10,409239.3,9.5172
CETS,2021-12-24,HKDRUB_TOD,HKDRUB_TOD,0.0,0.0,0.0,0.0,0,0.0,
CETS,2021-12-27,HKDRUB_TOD,HKDRUB_TOD,0.0,0.0,0.0,0.0,0,0.0,
CETS,2021-12-28,HKDRUB_TOD,HKDRUB_TOD,0.0,0.0,0.0,0.0,0,0.0,
CETS,2021-12-29,HKDRUB_TOD,HKDRUB_TOD,9.5001,9.48,9.5001,9.48,2,18980.1,9.4901
CETS,2021-12-30,HKDRUB_TOD,HKDRUB_TOD,9.3382,9.3382,9.6641,9.6641,2,161356.6,9.4916
